Time,Altitude,Position East of launch,Position North of launch,Latitude,Longitude
0,0,0,0,28.562,-80.577
0.01,4.793e-5,6.433e-6,9.187e-6,28.562,-80.577
0.02,0.001,5.018e-5,7.166e-5,28.562,-80.577
0.03,0.006,1.673e-4,2.389e-4,28.562,-80.577
0.04,0.017,3.939e-4,5.626e-4,28.562,-80.577
0.05,0.035,7.663e-4,0.001,28.562,-80.577
0.06,0.064,0.001,0.002,28.562,-80.577
0.069,0.101,0.002,0.003,28.562,-80.577
0.079,0.155,0.003,0.004,28.562,-80.577
0.089,0.224,0.004,0.006,28.562,-80.577
0.099,0.308,0.006,0.008,28.562,-80.577
0.109,0.406,0.007,0.01,28.562,-80.577
0.119,0.519,0.009,0.013,28.562,-80.577
0.129,0.647,0.011,0.016,28.562,-80.577
0.139,0.789,0.014,0.019,28.562,-80.577
0.149,0.946,0.016,0.023,28.562,-80.577
0.159,1.118,0.019,0.027,28.562,-80.577
0.169,1.305,0.022,0.032,28.562,-80.577
0.179,1.507,0.025,0.036,28.562,-80.577
0.189,1.724,0.029,0.041,28.562,-80.577
0.199,1.956,0.033,0.047,28.562,-80.577
0.209,2.203,0.037,0.053,28.562,-80.577
0.219,2.465,0.041,0.059,28.562,-80.577
0.229,2.741,0.046,0.065,28.562,-80.577
0.239,3.033,0.05,0.072,28.562,-80.577
0.249,3.34,0.055,0.079,28.562,-80.577
0.259,3.663,0.061,0.087,28.562,-80.577
0.269,4,0.066,0.094,28.562,-80.577
0.279,4.353,0.072,0.103,28.562,-80.577
0.289,4.721,0.078,0.111,28.562,-80.577
0.299,5.104,0.084,0.12,28.562,-80.577
0.309,5.502,0.09,0.129,28.562,-80.577
0.319,5.916,0.097,0.139,28.562,-80.577
0.329,6.345,0.104,0.149,28.562,-80.577
0.344,7.017,0.115,0.164,28.562,-80.577
0.35,7.295,0.12,0.171,28.562,-80.577
0.359,7.724,0.127,0.181,28.562,-80.577
0.372,8.389,0.138,0.197,28.562,-80.577
0.393,9.441,0.156,0.222,28.562,-80.577
0.423,11.137,0.185,0.264,28.562,-80.577
0.469,13.951,0.234,0.335,28.562,-80.577
0.491,15.447,0.26,0.372,28.562,-80.577
0.524,17.838,0.302,0.432,28.562,-80.577
0.574,21.737,0.37,0.529,28.562,-80.577
0.624,26.033,0.441,0.63,28.562,-80.577
0.632,26.714,0.452,0.646,28.562,-80.577
0.643,27.753,0.468,0.669,28.562,-80.577
0.66,29.35,0.492,0.704,28.562,-80.577
0.686,31.83,0.529,0.756,28.562,-80.577
0.724,35.742,0.582,0.832,28.562,-80.577
0.773,41.131,0.646,0.924,28.562,-80.577
0.823,46.994,0.703,1.005,28.562,-80.577
0.873,53.245,0.746,1.067,28.562,-80.577
0.914,58.659,0.77,1.102,28.562,-80.577
0.964,65.607,0.785,1.122,28.562,-80.577
1.014,72.933,0.782,1.118,28.562,-80.577
1.055,79.222,0.767,1.096,28.562,-80.577
1.105,87.23,0.735,1.05,28.562,-80.577
1.155,95.61,0.692,0.989,28.562,-80.577
1.196,102.755,0.653,0.931,28.562,-80.577
1.246,111.8,0.599,0.854,28.562,-80.577
1.284,118.975,0.555,0.792,28.562,-80.577
1.325,126.885,0.504,0.721,28.562,-80.577
1.336,128.977,0.49,0.701,28.562,-80.577
1.352,132.143,0.469,0.671,28.562,-80.577
1.376,136.958,0.437,0.624,28.562,-80.577
1.412,144.326,0.384,0.545,28.562,-80.577
1.46,154.503,0.307,0.423,28.562,-80.577
1.478,158.329,0.276,0.372,28.562,-80.577
1.505,164.143,0.227,0.291,28.562,-80.577
1.54,171.982,0.157,0.173,28.562,-80.577
1.59,183.329,0.049,-0.007,28.562,-80.577
1.619,190.031,-0.017,-0.117,28.562,-80.577
1.656,198.658,-0.104,-0.26,28.562,-80.577
1.685,205.707,-0.175,-0.377,28.562,-80.577
1.719,214.062,-0.261,-0.517,28.562,-80.577
1.759,223.851,-0.363,-0.684,28.562,-80.577
1.809,236.464,-0.499,-0.91,28.562,-80.577
1.841,244.548,-0.589,-1.061,28.562,-80.577
1.874,253.141,-0.687,-1.228,28.562,-80.577
1.9,260.1,-0.768,-1.367,28.562,-80.577
1.94,270.67,-0.894,-1.58,28.562,-80.577
1.969,278.512,-0.988,-1.739,28.562,-80.577
1.993,285.124,-1.068,-1.873,28.562,-80.577
2.024,293.605,-1.171,-2.045,28.562,-80.577
2.041,298.362,-1.229,-2.143,28.562,-80.577
2.067,305.548,-1.318,-2.293,28.562,-80.577
2.092,312.696,-1.408,-2.445,28.562,-80.577
2.117,319.871,-1.5,-2.601,28.562,-80.577
2.151,329.607,-1.627,-2.818,28.562,-80.577
2.182,338.467,-1.744,-3.018,28.562,-80.577
2.228,351.862,-1.922,-3.321,28.562,-80.577
2.255,359.959,-2.03,-3.504,28.562,-80.577
2.295,371.693,-2.188,-3.771,28.562,-80.577
2.323,380.246,-2.304,-3.968,28.562,-80.577
2.359,391.019,-2.452,-4.22,28.562,-80.577
2.384,398.878,-2.561,-4.407,28.562,-80.577
2.423,410.749,-2.729,-4.693,28.562,-80.577
2.464,423.479,-2.91,-5.002,28.562,-80.577
2.489,431.127,-3.018,-5.187,28.562,-80.577
2.525,442.642,-3.183,-5.465,28.562,-80.577
2.575,458.4,-3.41,-5.852,28.562,-80.577
2.6,466.31,-3.525,-6.049,28.562,-80.577
2.605,467.803,-3.547,-6.086,28.562,-80.577
2.612,470.044,-3.58,-6.142,28.562,-80.577
2.623,473.408,-3.63,-6.227,28.562,-80.577
2.639,478.461,-3.704,-6.354,28.562,-80.577
2.662,486.054,-3.817,-6.545,28.562,-80.577
2.688,494.246,-3.938,-6.75,28.562,-80.577
2.718,503.79,-4.078,-6.989,28.562,-80.577
2.746,512.773,-4.211,-7.214,28.562,-80.577
2.788,526.262,-4.411,-7.553,28.562,-80.577
2.808,532.663,-4.507,-7.716,28.562,-80.577
2.831,539.966,-4.616,-7.903,28.562,-80.577
2.865,550.914,-4.782,-8.184,28.562,-80.577
2.886,557.615,-4.883,-8.355,28.562,-80.577
2.898,561.47,-4.94,-8.453,28.562,-80.577
2.91,565.288,-4.997,-8.549,28.562,-80.577
2.925,570.011,-5.067,-8.667,28.562,-80.577
2.947,577.086,-5.172,-8.845,28.562,-80.577
2.98,587.68,-5.328,-9.111,28.562,-80.577
2.994,592.056,-5.394,-9.222,28.562,-80.577
3.008,596.537,-5.461,-9.336,28.562,-80.577
3.025,601.852,-5.541,-9.472,28.562,-80.577
3.028,602.833,-5.556,-9.497,28.562,-80.577
3.033,604.304,-5.578,-9.535,28.562,-80.577
3.04,606.509,-5.612,-9.591,28.562,-80.577
3.05,609.815,-5.662,-9.676,28.562,-80.577
3.066,614.766,-5.736,-9.803,28.562,-80.577
3.088,621.858,-5.843,-9.984,28.562,-80.577
3.104,626.787,-5.917,-10.108,28.562,-80.577
3.12,631.993,-5.994,-10.239,28.562,-80.577
3.142,638.653,-6.092,-10.406,28.562,-80.577
3.169,647.191,-6.218,-10.619,28.562,-80.577
3.197,655.805,-6.346,-10.835,28.562,-80.577
3.213,660.869,-6.421,-10.963,28.562,-80.577
3.23,666.205,-6.5,-11.098,28.562,-80.577
3.255,673.823,-6.614,-11.291,28.562,-80.577
3.292,685.211,-6.785,-11.58,28.562,-80.577
3.309,690.593,-6.865,-11.715,28.562,-80.577
3.329,696.866,-6.957,-11.872,28.562,-80.577
3.359,705.999,-7.091,-12.099,28.562,-80.577
3.404,719.638,-7.291,-12.437,28.562,-80.577
3.451,733.898,-7.499,-12.791,28.562,-80.577
3.486,744.568,-7.655,-13.056,28.562,-80.577
3.536,759.565,-7.875,-13.427,28.562,-80.577
3.586,774.46,-8.091,-13.794,28.562,-80.577
3.593,776.425,-8.119,-13.842,28.562,-80.577
3.603,779.369,-8.162,-13.914,28.562,-80.577
3.618,783.778,-8.225,-14.021,28.562,-80.577
3.64,790.373,-8.32,-14.182,28.562,-80.577
3.674,800.226,-8.461,-14.422,28.562,-80.577
3.724,814.835,-8.668,-14.775,28.562,-80.577
3.774,829.341,-8.874,-15.125,28.562,-80.577
3.824,843.748,-9.077,-15.47,28.562,-80.577
3.874,858.056,-9.278,-15.811,28.562,-80.577
3.924,872.267,-9.476,-16.149,28.562,-80.577
3.974,886.384,-9.671,-16.482,28.562,-80.577
4.024,900.406,-9.864,-16.811,28.562,-80.577
4.074,914.336,-10.054,-17.136,28.562,-80.577
4.124,928.174,-10.242,-17.457,28.562,-80.577
4.174,941.923,-10.428,-17.775,28.562,-80.577
4.224,955.583,-10.611,-18.089,28.562,-80.577
4.274,969.156,-10.793,-18.401,28.562,-80.577
4.324,982.642,-10.972,-18.707,28.562,-80.577
4.374,996.043,-11.148,-19.009,28.562,-80.577
4.424,1009.36,-11.323,-19.309,28.562,-80.577
4.474,1022.594,-11.496,-19.606,28.562,-80.577
4.524,1035.746,-11.666,-19.899,28.562,-80.577
4.574,1048.817,-11.834,-20.188,28.562,-80.577
4.624,1061.807,-12,-20.475,28.562,-80.577
4.674,1074.719,-12.164,-20.759,28.562,-80.577
4.724,1087.553,-12.326,-21.039,28.562,-80.577
4.774,1100.309,-12.485,-21.315,28.562,-80.577
4.824,1112.989,-12.643,-21.587,28.562,-80.577
4.874,1125.593,-12.798,-21.857,28.562,-80.577
4.924,1138.123,-12.952,-22.124,28.562,-80.577
4.974,1150.578,-13.104,-22.388,28.562,-80.577
5.024,1162.961,-13.253,-22.649,28.562,-80.577
5.074,1175.271,-13.401,-22.906,28.562,-80.577
5.124,1187.51,-13.547,-23.161,28.562,-80.577
5.174,1199.677,-13.691,-23.413,28.562,-80.577
5.224,1211.774,-13.833,-23.663,28.562,-80.577
5.274,1223.802,-13.974,-23.91,28.562,-80.577
5.324,1235.761,-14.112,-24.153,28.562,-80.577
5.374,1247.652,-14.249,-24.392,28.562,-80.577
5.424,1259.476,-14.383,-24.629,28.562,-80.577
5.474,1271.232,-14.516,-24.864,28.562,-80.577
5.524,1282.923,-14.647,-25.095,28.562,-80.577
5.574,1294.548,-14.776,-25.325,28.562,-80.577
5.624,1306.108,-14.904,-25.552,28.562,-80.577
5.674,1317.603,-15.031,-25.776,28.562,-80.577
5.724,1329.035,-15.155,-25.997,28.562,-80.577
5.774,1340.403,-15.276,-26.214,28.562,-80.577
5.824,1351.709,-15.397,-26.429,28.562,-80.577
5.874,1362.953,-15.516,-26.642,28.562,-80.577
5.924,1374.135,-15.634,-26.853,28.562,-80.577
5.974,1385.256,-15.75,-27.062,28.562,-80.577
6.024,1396.316,-15.865,-27.267,28.562,-80.577
6.074,1407.316,-15.977,-27.469,28.562,-80.577
6.124,1418.257,-16.088,-27.668,28.562,-80.577
6.174,1429.139,-16.197,-27.865,28.562,-80.577
6.224,1439.962,-16.305,-28.06,28.562,-80.577
6.274,1450.726,-16.412,-28.254,28.562,-80.577
6.324,1461.433,-16.518,-28.446,28.562,-80.577
6.374,1472.083,-16.622,-28.634,28.562,-80.577
6.424,1482.676,-16.724,-28.82,28.562,-80.577
6.474,1493.213,-16.824,-29.002,28.562,-80.577
6.524,1503.694,-16.923,-29.182,28.562,-80.577
6.574,1514.119,-17.021,-29.361,28.562,-80.577
6.624,1524.489,-17.118,-29.539,28.562,-80.577
6.674,1534.804,-17.214,-29.714,28.562,-80.577
6.724,1545.065,-17.308,-29.886,28.562,-80.577
6.774,1555.272,-17.4,-30.055,28.562,-80.577
6.824,1565.426,-17.491,-30.221,28.562,-80.577
6.874,1575.527,-17.58,-30.385,28.562,-80.577
6.924,1585.575,-17.669,-30.548,28.562,-80.577
6.974,1595.57,-17.757,-30.71,28.562,-80.577
7.024,1605.513,-17.844,-30.87,28.562,-80.577
7.074,1615.405,-17.93,-31.028,28.562,-80.577
7.124,1625.245,-18.014,-31.182,28.562,-80.577
7.174,1635.035,-18.096,-31.334,28.562,-80.577
7.224,1644.773,-18.177,-31.484,28.562,-80.577
7.274,1654.462,-18.257,-31.632,28.562,-80.577
7.324,1664.1,-18.336,-31.779,28.562,-80.577
7.374,1673.688,-18.415,-31.925,28.562,-80.577
7.424,1683.228,-18.493,-32.069,28.562,-80.577
7.474,1692.718,-18.569,-32.21,28.562,-80.577
7.524,1702.159,-18.644,-32.349,28.562,-80.577
7.574,1711.552,-18.718,-32.486,28.562,-80.577
7.624,1720.897,-18.791,-32.621,28.562,-80.577
7.674,1730.194,-18.862,-32.754,28.562,-80.577
7.724,1739.444,-18.934,-32.886,28.562,-80.577
7.774,1748.646,-19.004,-33.016,28.562,-80.577
7.824,1757.801,-19.073,-33.145,28.562,-80.577
7.874,1766.909,-19.141,-33.271,28.562,-80.577
7.924,1775.972,-19.208,-33.394,28.562,-80.577
7.974,1784.988,-19.273,-33.515,28.562,-80.577
8.024,1793.958,-19.337,-33.635,28.562,-80.577
8.074,1802.882,-19.401,-33.752,28.562,-80.577
8.124,1811.761,-19.464,-33.869,28.562,-80.577
8.174,1820.595,-19.527,-33.986,28.562,-80.577
8.224,1829.384,-19.589,-34.101,28.562,-80.577
8.274,1838.128,-19.65,-34.215,28.562,-80.577
8.324,1846.828,-19.711,-34.326,28.562,-80.577
8.374,1855.484,-19.769,-34.434,28.562,-80.577
8.424,1864.095,-19.827,-34.541,28.562,-80.577
8.474,1872.664,-19.884,-34.646,28.562,-80.577
8.524,1881.188,-19.94,-34.75,28.562,-80.577
8.574,1889.67,-19.996,-34.852,28.562,-80.577
8.624,1898.109,-20.05,-34.952,28.562,-80.577
8.674,1906.504,-20.105,-35.051,28.562,-80.577
8.724,1914.857,-20.158,-35.15,28.562,-80.577
8.774,1923.168,-20.211,-35.247,28.562,-80.577
8.824,1931.437,-20.264,-35.342,28.562,-80.577
8.874,1939.664,-20.315,-35.436,28.562,-80.577
8.924,1947.849,-20.366,-35.528,28.562,-80.577
8.974,1955.993,-20.415,-35.619,28.562,-80.577
9.024,1964.095,-20.464,-35.708,28.562,-80.577
9.074,1972.156,-20.513,-35.795,28.562,-80.577
9.124,1980.177,-20.56,-35.88,28.562,-80.577
9.174,1988.157,-20.607,-35.964,28.562,-80.577
9.224,1996.096,-20.653,-36.047,28.562,-80.577
9.274,2003.995,-20.699,-36.129,28.562,-80.577
9.324,2011.854,-20.744,-36.211,28.562,-80.577
9.374,2019.673,-20.789,-36.29,28.562,-80.577
9.424,2027.452,-20.833,-36.368,28.562,-80.577
9.474,2035.191,-20.876,-36.444,28.562,-80.577
9.524,2042.892,-20.918,-36.518,28.562,-80.577
9.574,2050.552,-20.96,-36.592,28.562,-80.577
9.624,2058.174,-21.001,-36.665,28.562,-80.577
9.674,2065.757,-21.043,-36.736,28.562,-80.577
9.724,2073.301,-21.083,-36.807,28.562,-80.577
9.774,2080.807,-21.124,-36.877,28.562,-80.577
9.824,2088.274,-21.163,-36.946,28.562,-80.577
9.874,2095.704,-21.202,-37.013,28.562,-80.577
9.924,2103.095,-21.241,-37.078,28.562,-80.577
9.974,2110.448,-21.278,-37.143,28.562,-80.577
10.024,2117.763,-21.316,-37.205,28.562,-80.577
10.074,2125.041,-21.352,-37.267,28.562,-80.577
10.124,2132.282,-21.388,-37.327,28.562,-80.577
10.174,2139.485,-21.423,-37.386,28.562,-80.577
10.224,2146.651,-21.458,-37.443,28.562,-80.577
10.274,2153.78,-21.492,-37.5,28.562,-80.577
10.324,2160.873,-21.527,-37.555,28.562,-80.577
10.374,2167.928,-21.56,-37.61,28.562,-80.577
10.424,2174.947,-21.594,-37.665,28.562,-80.577
10.474,2181.93,-21.627,-37.718,28.562,-80.577
10.524,2188.876,-21.66,-37.771,28.562,-80.577
10.574,2195.786,-21.692,-37.822,28.562,-80.577
10.624,2202.661,-21.723,-37.872,28.562,-80.577
10.674,2209.499,-21.755,-37.921,28.562,-80.577
10.724,2216.302,-21.785,-37.969,28.562,-80.577
10.774,2223.069,-21.815,-38.015,28.562,-80.577
10.824,2229.8,-21.845,-38.061,28.562,-80.577
10.874,2236.497,-21.875,-38.106,28.562,-80.577
10.924,2243.158,-21.904,-38.149,28.562,-80.577
10.974,2249.784,-21.932,-38.192,28.562,-80.577
11.024,2256.376,-21.96,-38.233,28.562,-80.577
11.074,2262.932,-21.988,-38.274,28.562,-80.577
11.124,2269.454,-22.015,-38.313,28.562,-80.577
11.174,2275.941,-22.041,-38.351,28.562,-80.577
11.224,2282.394,-22.068,-38.389,28.562,-80.577
11.274,2288.812,-22.094,-38.425,28.562,-80.577
11.324,2295.196,-22.12,-38.461,28.562,-80.577
11.374,2301.546,-22.145,-38.496,28.562,-80.577
11.424,2307.862,-22.17,-38.53,28.562,-80.577
11.474,2314.145,-22.195,-38.563,28.562,-80.577
11.524,2320.393,-22.219,-38.595,28.562,-80.577
11.574,2326.608,-22.242,-38.625,28.562,-80.577
11.624,2332.79,-22.265,-38.654,28.562,-80.577
11.674,2338.938,-22.288,-38.682,28.562,-80.577
11.724,2345.052,-22.31,-38.71,28.562,-80.577
11.774,2351.134,-22.333,-38.737,28.562,-80.577
11.824,2357.182,-22.355,-38.764,28.562,-80.577
11.874,2363.197,-22.378,-38.792,28.562,-80.577
11.924,2369.179,-22.4,-38.819,28.562,-80.577
11.974,2375.128,-22.422,-38.846,28.562,-80.577
12.024,2381.044,-22.444,-38.871,28.562,-80.577
12.074,2386.928,-22.465,-38.896,28.562,-80.577
12.124,2392.779,-22.486,-38.918,28.562,-80.577
12.174,2398.599,-22.506,-38.939,28.562,-80.577
12.224,2404.386,-22.525,-38.958,28.562,-80.577
12.274,2410.14,-22.543,-38.975,28.562,-80.577
12.324,2415.863,-22.561,-38.992,28.562,-80.577
12.374,2421.554,-22.579,-39.007,28.562,-80.577
12.424,2427.213,-22.596,-39.022,28.562,-80.577
12.474,2432.84,-22.614,-39.037,28.562,-80.577
12.524,2438.435,-22.631,-39.053,28.562,-80.577
12.574,2443.998,-22.649,-39.068,28.562,-80.577
12.624,2449.529,-22.667,-39.084,28.562,-80.577
12.674,2455.029,-22.685,-39.1,28.562,-80.577
12.724,2460.497,-22.703,-39.114,28.562,-80.577
12.774,2465.935,-22.72,-39.127,28.562,-80.577
12.824,2471.341,-22.736,-39.139,28.562,-80.577
12.874,2476.716,-22.751,-39.149,28.562,-80.577
12.924,2482.06,-22.766,-39.157,28.562,-80.577
12.974,2487.373,-22.781,-39.164,28.562,-80.577
13.024,2492.656,-22.795,-39.171,28.562,-80.577
13.074,2497.907,-22.809,-39.177,28.562,-80.577
13.124,2503.128,-22.823,-39.183,28.562,-80.577
13.174,2508.318,-22.837,-39.19,28.562,-80.577
13.224,2513.477,-22.851,-39.197,28.562,-80.577
13.274,2518.605,-22.866,-39.204,28.562,-80.577
13.324,2523.704,-22.88,-39.211,28.562,-80.577
13.374,2528.771,-22.894,-39.217,28.562,-80.577
13.424,2533.809,-22.908,-39.221,28.562,-80.577
13.474,2538.816,-22.921,-39.225,28.562,-80.577
13.524,2543.794,-22.934,-39.227,28.562,-80.577
13.574,2548.741,-22.946,-39.228,28.562,-80.577
13.624,2553.659,-22.958,-39.228,28.562,-80.577
13.674,2558.546,-22.969,-39.226,28.562,-80.577
13.724,2563.404,-22.98,-39.224,28.562,-80.577
13.774,2568.232,-22.991,-39.222,28.562,-80.577
13.824,2573.031,-23.001,-39.219,28.562,-80.577
13.874,2577.8,-23.011,-39.216,28.562,-80.577
13.924,2582.539,-23.022,-39.213,28.562,-80.577
13.974,2587.248,-23.032,-39.21,28.562,-80.577
14.024,2591.928,-23.043,-39.206,28.562,-80.577
14.074,2596.579,-23.053,-39.203,28.562,-80.577
14.124,2601.2,-23.063,-39.2,28.562,-80.577
14.174,2605.793,-23.074,-39.196,28.562,-80.577
14.224,2610.356,-23.084,-39.191,28.562,-80.577
14.274,2614.89,-23.093,-39.185,28.562,-80.577
14.324,2619.395,-23.102,-39.177,28.562,-80.577
14.374,2623.871,-23.111,-39.169,28.562,-80.577
14.424,2628.318,-23.119,-39.16,28.562,-80.577
14.474,2632.736,-23.126,-39.149,28.562,-80.577
14.524,2637.126,-23.134,-39.138,28.562,-80.577
14.574,2641.487,-23.141,-39.126,28.562,-80.577
14.624,2645.82,-23.147,-39.113,28.562,-80.577
14.674,2650.123,-23.154,-39.101,28.562,-80.577
14.724,2654.398,-23.161,-39.088,28.562,-80.577
14.774,2658.645,-23.167,-39.076,28.562,-80.577
14.824,2662.862,-23.175,-39.064,28.562,-80.577
14.874,2667.052,-23.182,-39.053,28.562,-80.577
14.924,2671.213,-23.189,-39.042,28.562,-80.577
14.974,2675.345,-23.196,-39.031,28.562,-80.577
15.024,2679.449,-23.204,-39.02,28.562,-80.577
15.074,2683.525,-23.211,-39.008,28.562,-80.577
15.124,2687.573,-23.218,-38.995,28.562,-80.577
15.174,2691.593,-23.224,-38.981,28.562,-80.577
15.224,2695.586,-23.23,-38.966,28.562,-80.577
15.274,2699.55,-23.235,-38.949,28.562,-80.577
15.324,2703.486,-23.239,-38.931,28.562,-80.577
15.374,2707.395,-23.244,-38.912,28.562,-80.577
15.424,2711.276,-23.247,-38.892,28.562,-80.577
15.474,2715.129,-23.251,-38.872,28.562,-80.577
15.524,2718.955,-23.254,-38.851,28.562,-80.577
15.574,2722.753,-23.257,-38.829,28.562,-80.577
15.624,2726.523,-23.26,-38.808,28.562,-80.577
15.674,2730.266,-23.263,-38.786,28.562,-80.577
15.724,2733.981,-23.266,-38.764,28.562,-80.577
15.774,2737.668,-23.269,-38.742,28.562,-80.577
15.824,2741.328,-23.272,-38.721,28.562,-80.577
15.874,2744.961,-23.275,-38.7,28.562,-80.577
15.924,2748.566,-23.279,-38.679,28.562,-80.577
15.974,2752.143,-23.282,-38.658,28.562,-80.577
16.024,2755.694,-23.285,-38.637,28.562,-80.577
16.074,2759.217,-23.289,-38.616,28.562,-80.577
16.124,2762.712,-23.292,-38.595,28.562,-80.577
16.174,2766.181,-23.295,-38.573,28.562,-80.577
16.224,2769.623,-23.298,-38.551,28.562,-80.577
16.274,2773.038,-23.301,-38.527,28.562,-80.577
16.324,2776.426,-23.303,-38.503,28.562,-80.577
16.374,2779.787,-23.305,-38.478,28.562,-80.577
16.424,2783.121,-23.306,-38.452,28.562,-80.577
16.474,2786.428,-23.307,-38.425,28.562,-80.577
16.524,2789.709,-23.308,-38.397,28.562,-80.577
16.574,2792.963,-23.308,-38.369,28.562,-80.577
16.624,2796.19,-23.308,-38.34,28.562,-80.577
16.674,2799.391,-23.308,-38.31,28.562,-80.577
16.724,2802.564,-23.308,-38.281,28.562,-80.577
16.774,2805.712,-23.307,-38.251,28.562,-80.577
16.824,2808.832,-23.307,-38.221,28.562,-80.577
16.874,2811.926,-23.306,-38.19,28.562,-80.577
16.924,2814.993,-23.306,-38.16,28.562,-80.577
16.974,2818.034,-23.305,-38.13,28.562,-80.577
17.024,2821.049,-23.305,-38.099,28.562,-80.577
17.074,2824.036,-23.304,-38.069,28.562,-80.577
17.124,2826.998,-23.303,-38.038,28.562,-80.577
17.174,2829.933,-23.303,-38.008,28.562,-80.577
17.224,2832.842,-23.302,-37.977,28.562,-80.577
17.274,2835.724,-23.301,-37.946,28.562,-80.577
17.324,2838.58,-23.3,-37.914,28.562,-80.577
17.374,2841.41,-23.299,-37.882,28.562,-80.577
17.424,2844.214,-23.297,-37.85,28.562,-80.577
17.474,2846.992,-23.296,-37.817,28.562,-80.577
17.524,2849.743,-23.294,-37.784,28.562,-80.577
17.574,2852.469,-23.292,-37.75,28.562,-80.577
17.624,2855.168,-23.29,-37.716,28.562,-80.577
17.674,2857.842,-23.288,-37.682,28.562,-80.577
17.724,2860.489,-23.286,-37.647,28.562,-80.577
17.774,2863.111,-23.284,-37.612,28.562,-80.577
17.824,2865.706,-23.281,-37.577,28.562,-80.577
17.874,2868.276,-23.279,-37.542,28.562,-80.577
17.924,2870.82,-23.276,-37.506,28.562,-80.577
17.974,2873.338,-23.274,-37.471,28.562,-80.577
18.024,2875.83,-23.271,-37.435,28.562,-80.577
18.074,2878.296,-23.269,-37.399,28.562,-80.577
18.124,2880.736,-23.266,-37.363,28.562,-80.577
18.174,2883.151,-23.263,-37.326,28.562,-80.577
18.224,2885.54,-23.26,-37.29,28.562,-80.577
18.274,2887.904,-23.256,-37.253,28.562,-80.577
18.324,2890.241,-23.253,-37.215,28.562,-80.577
18.374,2892.553,-23.249,-37.178,28.562,-80.577
18.424,2894.84,-23.246,-37.14,28.562,-80.577
18.474,2897.101,-23.242,-37.101,28.562,-80.577
18.524,2899.337,-23.238,-37.063,28.562,-80.577
18.574,2901.547,-23.234,-37.023,28.562,-80.577
18.624,2903.731,-23.229,-36.984,28.562,-80.577
18.674,2905.89,-23.224,-36.943,28.562,-80.577
18.724,2908.024,-23.22,-36.903,28.562,-80.577
18.774,2910.132,-23.215,-36.862,28.562,-80.577
18.824,2912.215,-23.21,-36.821,28.562,-80.577
18.874,2914.273,-23.204,-36.779,28.562,-80.577
18.924,2916.305,-23.199,-36.738,28.562,-80.577
18.974,2918.312,-23.194,-36.696,28.562,-80.577
19.024,2920.294,-23.188,-36.654,28.562,-80.577
19.074,2922.25,-23.183,-36.612,28.562,-80.577
19.124,2924.181,-23.177,-36.569,28.562,-80.577
19.174,2926.087,-23.172,-36.526,28.562,-80.577
19.224,2927.967,-23.166,-36.483,28.562,-80.577
19.274,2929.822,-23.16,-36.44,28.562,-80.577
19.324,2931.652,-23.154,-36.397,28.562,-80.577
19.374,2933.457,-23.148,-36.354,28.562,-80.577
19.424,2935.237,-23.142,-36.31,28.562,-80.577
19.474,2936.992,-23.136,-36.266,28.562,-80.577
19.524,2938.721,-23.13,-36.223,28.562,-80.577
19.574,2940.425,-23.124,-36.178,28.562,-80.577
19.624,2942.105,-23.118,-36.134,28.562,-80.577
19.674,2943.759,-23.111,-36.09,28.562,-80.577
19.724,2945.388,-23.105,-36.045,28.562,-80.577
19.774,2946.992,-23.098,-35.999,28.562,-80.577
19.824,2948.572,-23.091,-35.954,28.562,-80.577
19.874,2950.126,-23.084,-35.908,28.562,-80.577
19.924,2951.655,-23.077,-35.862,28.562,-80.577
19.974,2953.16,-23.07,-35.816,28.562,-80.577
20.024,2954.639,-23.063,-35.77,28.562,-80.577
20.074,2956.094,-23.056,-35.723,28.562,-80.577
20.124,2957.523,-23.048,-35.677,28.562,-80.577
20.174,2958.928,-23.041,-35.63,28.562,-80.577
20.224,2960.308,-23.034,-35.583,28.562,-80.577
20.274,2961.663,-23.026,-35.536,28.562,-80.577
20.324,2962.993,-23.019,-35.489,28.562,-80.577
20.374,2964.298,-23.011,-35.442,28.562,-80.577
20.424,2965.578,-23.004,-35.395,28.562,-80.577
20.474,2966.834,-22.996,-35.347,28.562,-80.577
20.524,2968.065,-22.988,-35.299,28.562,-80.577
20.574,2969.271,-22.98,-35.251,28.562,-80.577
20.624,2970.452,-22.972,-35.203,28.562,-80.577
20.674,2971.609,-22.964,-35.154,28.562,-80.577
20.724,2972.741,-22.956,-35.106,28.562,-80.577
20.774,2973.848,-22.947,-35.056,28.562,-80.577
20.824,2974.931,-22.939,-35.007,28.562,-80.577
20.874,2975.989,-22.93,-34.958,28.562,-80.577
20.924,2977.022,-22.921,-34.908,28.562,-80.577
20.974,2978.031,-22.912,-34.858,28.562,-80.577
21.024,2979.015,-22.903,-34.807,28.562,-80.577
21.074,2979.975,-22.894,-34.756,28.562,-80.577
21.124,2980.91,-22.885,-34.705,28.562,-80.577
21.174,2981.82,-22.875,-34.654,28.562,-80.577
21.224,2982.706,-22.866,-34.602,28.562,-80.577
21.274,2983.567,-22.856,-34.55,28.562,-80.577
21.324,2984.404,-22.846,-34.498,28.562,-80.577
21.374,2985.216,-22.836,-34.445,28.562,-80.577
21.424,2986.004,-22.826,-34.393,28.562,-80.577
21.474,2986.768,-22.815,-34.339,28.562,-80.577
21.524,2987.506,-22.805,-34.286,28.562,-80.577
21.574,2988.221,-22.794,-34.232,28.562,-80.577
21.624,2988.911,-22.784,-34.178,28.562,-80.577
21.674,2989.576,-22.773,-34.123,28.562,-80.577
21.724,2990.218,-22.762,-34.069,28.562,-80.577
21.774,2990.834,-22.75,-34.014,28.562,-80.577
21.824,2991.427,-22.739,-33.958,28.562,-80.577
21.874,2991.995,-22.727,-33.902,28.562,-80.577
21.924,2992.539,-22.716,-33.846,28.562,-80.577
21.974,2993.058,-22.704,-33.789,28.562,-80.577
22.024,2993.553,-22.692,-33.732,28.562,-80.577
22.074,2994.024,-22.68,-33.675,28.562,-80.577
22.124,2994.47,-22.667,-33.617,28.562,-80.577
22.174,2994.893,-22.655,-33.559,28.562,-80.577
22.224,2995.291,-22.642,-33.501,28.562,-80.577
22.274,2995.665,-22.629,-33.442,28.562,-80.577
22.324,2996.014,-22.616,-33.382,28.562,-80.577
22.374,2996.34,-22.603,-33.323,28.562,-80.577
22.424,2996.641,-22.589,-33.262,28.562,-80.577
22.474,2996.918,-22.575,-33.202,28.562,-80.577
22.524,2997.172,-22.561,-33.141,28.562,-80.577
22.574,2997.401,-22.547,-33.079,28.562,-80.577
22.624,2997.606,-22.533,-33.017,28.562,-80.577
22.674,2997.787,-22.518,-32.955,28.562,-80.577
22.724,2997.944,-22.504,-32.892,28.562,-80.577
22.774,2998.077,-22.488,-32.829,28.562,-80.577
22.824,2998.187,-22.473,-32.765,28.562,-80.577
22.874,2998.272,-22.458,-32.7,28.562,-80.577
22.924,2998.334,-22.442,-32.635,28.562,-80.577
22.974,2998.373,-22.426,-32.569,28.562,-80.577
23.024,2998.387,-22.409,-32.503,28.562,-80.577
23.074,2998.379,-22.393,-32.437,28.562,-80.577
23.124,2998.346,-22.376,-32.369,28.562,-80.577
23.174,2998.29,-22.359,-32.301,28.562,-80.577
23.224,2998.211,-22.342,-32.233,28.562,-80.577
23.274,2998.109,-22.324,-32.164,28.562,-80.577
23.324,2997.983,-22.306,-32.095,28.562,-80.577
23.374,2997.834,-22.288,-32.025,28.562,-80.577
23.424,2997.662,-22.27,-31.955,28.562,-80.577
23.474,2997.467,-22.251,-31.884,28.562,-80.577
23.524,2997.249,-22.233,-31.813,28.562,-80.577
23.574,2997.008,-22.214,-31.741,28.562,-80.577
23.624,2996.745,-22.194,-31.669,28.562,-80.577
23.674,2996.459,-22.175,-31.596,28.562,-80.577
23.724,2996.151,-22.156,-31.524,28.562,-80.577
23.774,2995.82,-22.136,-31.451,28.562,-80.577
23.824,2995.467,-22.116,-31.377,28.562,-80.577
23.874,2995.091,-22.097,-31.304,28.562,-80.577
23.924,2994.693,-22.077,-31.23,28.562,-80.577
23.974,2994.273,-22.057,-31.157,28.562,-80.577
24.024,2993.831,-22.037,-31.083,28.562,-80.577
24.074,2993.367,-22.018,-31.01,28.562,-80.577
24.124,2992.881,-21.998,-30.937,28.562,-80.577
24.174,2992.372,-21.979,-30.864,28.562,-80.577
24.224,2991.842,-21.959,-30.792,28.562,-80.577
24.274,2991.289,-21.94,-30.72,28.562,-80.577
24.324,2990.714,-21.922,-30.649,28.562,-80.577
24.374,2990.117,-21.903,-30.578,28.562,-80.577
24.424,2989.498,-21.885,-30.508,28.562,-80.577
24.474,2988.855,-21.867,-30.439,28.562,-80.577
24.524,2988.191,-21.85,-30.371,28.562,-80.577
24.574,2987.503,-21.833,-30.303,28.562,-80.577
24.623,2986.805,-21.817,-30.237,28.562,-80.577
24.671,2986.098,-21.801,-30.173,28.562,-80.577
24.719,2985.378,-21.786,-30.111,28.562,-80.577
24.766,2984.644,-21.771,-30.05,28.562,-80.577
24.813,2983.892,-21.756,-29.989,28.562,-80.577
24.86,2983.12,-21.742,-29.929,28.562,-80.577
24.907,2982.324,-21.727,-29.868,28.562,-80.577
24.954,2981.502,-21.713,-29.808,28.562,-80.577
25.002,2980.651,-21.698,-29.747,28.562,-80.577
25.05,2979.773,-21.683,-29.685,28.562,-80.577
25.099,2978.855,-21.668,-29.622,28.562,-80.577
25.149,2977.893,-21.652,-29.557,28.562,-80.577
25.199,2976.907,-21.635,-29.49,28.562,-80.577
25.249,2975.896,-21.618,-29.422,28.562,-80.577
25.299,2974.86,-21.6,-29.352,28.562,-80.577
25.349,2973.8,-21.58,-29.28,28.562,-80.577
25.399,2972.715,-21.56,-29.205,28.562,-80.577
25.446,2971.669,-21.539,-29.131,28.562,-80.577
25.49,2970.683,-21.518,-29.06,28.562,-80.577
25.533,2969.7,-21.496,-28.987,28.562,-80.577
25.575,2968.717,-21.473,-28.912,28.562,-80.577
25.616,2967.732,-21.449,-28.836,28.562,-80.577
25.657,2966.747,-21.424,-28.757,28.562,-80.577
25.697,2965.766,-21.398,-28.677,28.562,-80.577
25.736,2964.789,-21.371,-28.596,28.562,-80.577
25.774,2963.818,-21.343,-28.514,28.562,-80.577
25.811,2962.861,-21.315,-28.43,28.562,-80.577
25.847,2961.914,-21.286,-28.347,28.562,-80.577
25.883,2960.967,-21.256,-28.261,28.562,-80.577
25.919,2960.022,-21.226,-28.175,28.562,-80.577
25.954,2959.066,-21.194,-28.086,28.562,-80.577
25.992,2958.031,-21.159,-27.989,28.562,-80.577
26.033,2956.867,-21.119,-27.878,28.562,-80.577
26.081,2955.529,-21.072,-27.75,28.562,-80.577
26.131,2954.093,-21.021,-27.611,28.562,-80.577
26.181,2952.633,-20.969,-27.47,28.562,-80.577
26.231,2951.149,-20.916,-27.327,28.562,-80.577
26.281,2949.641,-20.862,-27.183,28.562,-80.577
26.331,2948.109,-20.808,-27.038,28.562,-80.577
26.381,2946.553,-20.754,-26.892,28.562,-80.577
26.431,2944.972,-20.7,-26.747,28.562,-80.577
26.481,2943.369,-20.646,-26.602,28.562,-80.577
26.531,2941.742,-20.592,-26.459,28.562,-80.577
26.581,2940.092,-20.54,-26.317,28.562,-80.577
26.631,2938.419,-20.488,-26.177,28.562,-80.577
26.675,2936.938,-20.444,-26.057,28.562,-80.577
26.712,2935.647,-20.407,-25.955,28.562,-80.577
26.746,2934.477,-20.374,-25.866,28.562,-80.577
26.778,2933.38,-20.345,-25.785,28.562,-80.577
26.807,2932.338,-20.318,-25.71,28.562,-80.577
26.836,2931.33,-20.293,-25.639,28.562,-80.577
26.864,2930.332,-20.269,-25.571,28.562,-80.577
26.892,2929.342,-20.246,-25.505,28.562,-80.577
26.919,2928.354,-20.224,-25.442,28.562,-80.577
26.947,2927.357,-20.202,-25.379,28.562,-80.577
26.975,2926.339,-20.181,-25.317,28.562,-80.577
27.004,2925.283,-20.16,-25.255,28.562,-80.577
27.034,2924.171,-20.139,-25.192,28.562,-80.577
27.066,2922.96,-20.116,-25.125,28.562,-80.577
27.103,2921.599,-20.092,-25.052,28.562,-80.577
27.145,2919.999,-20.065,-24.969,28.562,-80.577
27.195,2918.088,-20.035,-24.874,28.562,-80.577
27.245,2916.155,-20.005,-24.78,28.562,-80.577
27.295,2914.198,-19.976,-24.688,28.562,-80.577
27.345,2912.218,-19.947,-24.597,28.562,-80.577
27.395,2910.214,-19.918,-24.506,28.562,-80.577
27.445,2908.187,-19.889,-24.414,28.562,-80.577
27.495,2906.136,-19.859,-24.32,28.562,-80.577
27.545,2904.061,-19.828,-24.225,28.562,-80.577
27.589,2902.229,-19.8,-24.138,28.562,-80.577
27.625,2900.689,-19.775,-24.064,28.562,-80.577
27.658,2899.292,-19.752,-23.994,28.562,-80.577
27.688,2897.988,-19.73,-23.928,28.562,-80.577
27.716,2896.765,-19.708,-23.865,28.562,-80.577
27.744,2895.586,-19.686,-23.803,28.562,-80.577
27.77,2894.424,-19.664,-23.74,28.562,-80.577
27.796,2893.287,-19.641,-23.677,28.562,-80.577
27.821,2892.168,-19.619,-23.614,28.562,-80.577
27.846,2891.054,-19.596,-23.55,28.562,-80.577
27.872,2889.931,-19.572,-23.484,28.562,-80.577
27.897,2888.767,-19.546,-23.414,28.562,-80.577
27.925,2887.537,-19.519,-23.34,28.562,-80.577
27.954,2886.213,-19.488,-23.258,28.562,-80.577
27.986,2884.746,-19.454,-23.166,28.562,-80.577
28.023,2883.033,-19.413,-23.057,28.562,-80.577
28.069,2880.916,-19.362,-22.921,28.562,-80.577
28.119,2878.575,-19.304,-22.77,28.562,-80.577
28.169,2876.21,-19.246,-22.617,28.562,-80.577
28.219,2873.821,-19.187,-22.463,28.562,-80.577
28.269,2871.41,-19.129,-22.309,28.562,-80.577
28.319,2868.975,-19.07,-22.155,28.562,-80.577
28.369,2866.518,-19.013,-22.004,28.562,-80.577
28.414,2864.306,-18.962,-21.871,28.562,-80.577
28.449,2862.53,-18.923,-21.767,28.562,-80.577
28.479,2861.024,-18.891,-21.681,28.562,-80.577
28.507,2859.636,-18.862,-21.603,28.562,-80.577
28.533,2858.323,-18.835,-21.532,28.562,-80.577
28.558,2857.053,-18.81,-21.464,28.562,-80.577
28.582,2855.811,-18.786,-21.4,28.562,-80.577
28.606,2854.589,-18.764,-21.338,28.562,-80.577
28.629,2853.365,-18.742,-21.277,28.562,-80.577
28.654,2852.101,-18.72,-21.216,28.562,-80.577
28.679,2850.778,-18.698,-21.154,28.562,-80.577
28.706,2849.39,-18.675,-21.091,28.562,-80.577
28.735,2847.902,-18.651,-21.024,28.562,-80.577
28.766,2846.25,-18.626,-20.952,28.562,-80.577
28.803,2844.302,-18.597,-20.87,28.562,-80.577
28.851,2841.736,-18.561,-20.765,28.562,-80.577
28.901,2839.052,-18.524,-20.657,28.562,-80.577
28.951,2836.346,-18.487,-20.55,28.562,-80.577
29.001,2833.617,-18.45,-20.442,28.562,-80.577
29.051,2830.865,-18.413,-20.334,28.562,-80.577
29.101,2828.091,-18.374,-20.223,28.562,-80.577
29.144,2825.688,-18.34,-20.125,28.562,-80.577
29.179,2823.7,-18.31,-20.042,28.562,-80.577
29.21,2821.981,-18.284,-19.969,28.562,-80.577
29.237,2820.408,-18.259,-19.901,28.562,-80.577
29.264,2818.898,-18.235,-19.834,28.562,-80.577
29.289,2817.431,-18.21,-19.767,28.562,-80.577
29.314,2815.992,-18.186,-19.701,28.562,-80.577
29.339,2814.546,-18.161,-19.633,28.562,-80.577
29.365,2813.06,-18.134,-19.562,28.562,-80.577
29.392,2811.507,-18.105,-19.486,28.562,-80.577
29.42,2809.848,-18.074,-19.404,28.562,-80.577
29.451,2808.06,-18.04,-19.314,28.562,-80.577
29.484,2806.078,-18.002,-19.213,28.562,-80.577
29.525,2803.676,-17.954,-19.089,28.562,-80.577
29.575,2800.687,-17.894,-18.933,28.562,-80.577
29.625,2797.676,-17.833,-18.775,28.562,-80.577
29.675,2794.642,-17.772,-18.617,28.562,-80.577
29.725,2791.586,-17.711,-18.459,28.562,-80.577
29.775,2788.507,-17.651,-18.304,28.562,-80.577
29.815,2785.999,-17.603,-18.18,28.562,-80.577
29.849,2783.906,-17.565,-18.079,28.562,-80.577
29.878,2782.065,-17.531,-17.992,28.562,-80.577
29.905,2780.356,-17.502,-17.913,28.562,-80.577
29.931,2778.728,-17.474,-17.84,28.562,-80.577
29.956,2777.156,-17.448,-17.771,28.562,-80.577
29.98,2775.61,-17.423,-17.704,28.562,-80.577
30.005,2774.054,-17.398,-17.638,28.562,-80.577
30.03,2772.452,-17.374,-17.572,28.562,-80.577
30.057,2770.736,-17.348,-17.503,28.562,-80.577
30.086,2768.846,-17.321,-17.429,28.562,-80.577
30.12,2766.686,-17.291,-17.346,28.562,-80.577
30.162,2763.939,-17.253,-17.243,28.562,-80.577
30.212,2760.677,-17.21,-17.123,28.562,-80.577
30.262,2757.394,-17.167,-17.003,28.562,-80.577
30.312,2754.088,-17.123,-16.883,28.562,-80.577
30.362,2750.759,-17.079,-16.761,28.562,-80.577
30.408,2747.677,-17.037,-16.646,28.562,-80.577
30.442,2745.396,-17.005,-16.56,28.562,-80.577
30.471,2743.408,-16.976,-16.482,28.562,-80.577
30.498,2741.58,-16.949,-16.41,28.562,-80.577
30.524,2739.844,-16.923,-16.34,28.562,-80.577
30.549,2738.126,-16.896,-16.269,28.562,-80.577
30.574,2736.393,-16.868,-16.197,28.562,-80.577
30.6,2734.622,-16.839,-16.121,28.562,-80.577
30.627,2732.771,-16.809,-16.041,28.562,-80.577
30.656,2730.772,-16.775,-15.953,28.562,-80.577
30.688,2728.517,-16.736,-15.853,28.562,-80.577
30.728,2725.74,-16.687,-15.727,28.562,-80.577
30.778,2722.23,-16.624,-15.567,28.562,-80.577
30.828,2718.698,-16.561,-15.406,28.562,-80.577
30.878,2715.144,-16.498,-15.244,28.562,-80.577
30.928,2711.568,-16.435,-15.084,28.562,-80.577
30.978,2707.971,-16.373,-14.925,28.562,-80.577
31.015,2705.286,-16.329,-14.81,28.562,-80.577
31.047,2702.969,-16.291,-14.712,28.562,-80.577
31.077,2700.82,-16.256,-14.623,28.562,-80.577
31.104,2698.787,-16.225,-14.541,28.562,-80.577
31.132,2696.796,-16.195,-14.462,28.562,-80.577
31.159,2694.763,-16.165,-14.383,28.562,-80.577
31.188,2692.624,-16.134,-14.302,28.562,-80.577
31.22,2690.281,-16.101,-14.214,28.562,-80.577
31.256,2687.602,-16.064,-14.116,28.562,-80.577
31.301,2684.252,-16.019,-13.997,28.562,-80.577
31.351,2680.502,-15.969,-13.864,28.562,-80.577
31.401,2676.731,-15.92,-13.733,28.562,-80.577
31.451,2672.938,-15.87,-13.6,28.562,-80.577
31.501,2669.124,-15.819,-13.465,28.562,-80.577
31.542,2665.976,-15.776,-13.351,28.562,-80.577
31.577,2663.286,-15.738,-13.252,28.562,-80.577
31.608,2660.86,-15.703,-13.161,28.562,-80.577
31.638,2658.567,-15.67,-13.074,28.562,-80.577
31.667,2656.306,-15.636,-12.986,28.562,-80.577
31.696,2654.004,-15.6,-12.896,28.562,-80.577
31.727,2651.576,-15.562,-12.799,28.562,-80.577
31.764,2648.717,-15.517,-12.683,28.562,-80.577
31.812,2644.928,-15.456,-12.528,28.562,-80.577
31.862,2640.96,-15.391,-12.364,28.562,-80.577
31.912,2636.972,-15.326,-12.2,28.562,-80.577
31.962,2632.963,-15.262,-12.037,28.562,-80.577
32.012,2628.933,-15.198,-11.875,28.562,-80.577
32.055,2625.405,-15.143,-11.736,28.562,-80.577
32.092,2622.427,-15.098,-11.621,28.562,-80.577
32.127,2619.559,-15.056,-11.512,28.562,-80.577
32.162,2616.723,-15.015,-11.407,28.562,-80.577
32.198,2613.774,-14.973,-11.3,28.562,-80.577
32.238,2610.486,-14.928,-11.182,28.562,-80.577
32.284,2606.622,-14.876,-11.047,28.562,-80.577
32.334,2602.462,-14.82,-10.903,28.562,-80.577
32.384,2598.282,-14.765,-10.759,28.562,-80.577
32.434,2594.082,-14.71,-10.616,28.562,-80.577
32.484,2589.86,-14.654,-10.47,28.562,-80.577
32.534,2585.619,-14.596,-10.322,28.562,-80.577
32.575,2582.182,-14.548,-10.199,28.562,-80.577
32.611,2579.057,-14.504,-10.086,28.562,-80.577
32.647,2576.011,-14.46,-9.974,28.562,-80.577
32.683,2572.882,-14.414,-9.857,28.562,-80.577
32.723,2569.46,-14.362,-9.728,28.562,-80.577
32.77,2565.337,-14.299,-9.57,28.562,-80.577
32.82,2560.979,-14.232,-9.401,28.562,-80.577
32.87,2556.6,-14.165,-9.232,28.562,-80.577
32.92,2552.201,-14.097,-9.063,28.562,-80.577
32.97,2547.782,-14.03,-8.895,28.562,-80.577
33.015,2543.758,-13.971,-8.744,28.562,-80.577
33.052,2540.507,-13.924,-8.625,28.562,-80.577
33.085,2537.573,-13.882,-8.52,28.562,-80.577
33.117,2534.675,-13.842,-8.417,28.562,-80.577
33.151,2531.602,-13.8,-8.311,28.562,-80.577
33.19,2528.066,-13.752,-8.19,28.562,-80.577
33.24,2523.542,-13.693,-8.038,28.562,-80.577
33.29,2518.999,-13.634,-7.888,28.562,-80.577
33.34,2514.436,-13.575,-7.736,28.562,-80.577
33.39,2509.853,-13.515,-7.584,28.562,-80.577
33.44,2505.25,-13.454,-7.428,28.562,-80.577
33.481,2501.483,-13.403,-7.299,28.562,-80.577
33.515,2498.31,-13.359,-7.188,28.562,-80.577
33.548,2495.297,-13.316,-7.081,28.562,-80.577
33.582,2492.123,-13.27,-6.966,28.562,-80.577
33.62,2488.545,-13.218,-6.836,28.562,-80.577
33.67,2483.855,-13.148,-6.662,28.562,-80.577
33.72,2479.142,-13.078,-6.487,28.562,-80.577
33.77,2474.409,-13.008,-6.312,28.562,-80.577
33.82,2469.658,-12.937,-6.138,28.562,-80.577
33.87,2464.887,-12.868,-5.965,28.562,-80.577
33.914,2460.695,-12.809,-5.816,28.562,-80.577
33.952,2456.998,-12.757,-5.687,28.562,-80.577
33.991,2453.276,-12.706,-5.559,28.562,-80.577
34.032,2449.304,-12.653,-5.425,28.562,-80.577
34.082,2444.454,-12.589,-5.264,28.562,-80.577
34.132,2439.585,-12.525,-5.103,28.562,-80.577
34.182,2434.697,-12.462,-4.942,28.562,-80.577
34.232,2429.79,-12.397,-4.78,28.562,-80.577
34.282,2424.864,-12.331,-4.616,28.562,-80.577
34.332,2419.919,-12.264,-4.448,28.562,-80.577
34.377,2415.417,-12.202,-4.294,28.562,-80.577
34.423,2410.849,-12.137,-4.134,28.562,-80.577
34.473,2405.851,-12.066,-3.958,28.562,-80.577
34.523,2400.833,-11.994,-3.78,28.562,-80.577
34.573,2395.797,-11.921,-3.6,28.562,-80.577
34.623,2390.742,-11.848,-3.419,28.562,-80.577
34.673,2385.669,-11.775,-3.24,28.562,-80.577
34.723,2380.578,-11.704,-3.062,28.562,-80.577
34.769,2375.88,-11.639,-2.901,28.562,-80.577
34.814,2371.335,-11.577,-2.748,28.562,-80.577
34.864,2366.193,-11.509,-2.576,28.562,-80.577
34.914,2361.033,-11.44,-2.407,28.562,-80.577
34.964,2355.854,-11.372,-2.237,28.562,-80.577
35.014,2350.657,-11.304,-2.067,28.562,-80.577
35.064,2345.442,-11.234,-1.895,28.562,-80.577
35.114,2340.209,-11.164,-1.72,28.562,-80.577
35.158,2335.544,-11.099,-1.562,28.562,-80.577
35.203,2330.775,-11.033,-1.398,28.562,-80.577
35.253,2325.491,-10.958,-1.215,28.562,-80.577
35.303,2320.188,-10.882,-1.029,28.562,-80.577
35.353,2314.868,-10.805,-0.843,28.562,-80.577
35.403,2309.53,-10.729,-0.656,28.562,-80.577
35.453,2304.174,-10.654,-0.471,28.562,-80.577
35.503,2298.801,-10.579,-0.288,28.562,-80.577
35.551,2293.668,-10.509,-0.116,28.562,-80.577
35.599,2288.521,-10.44,0.055,28.562,-80.577
35.649,2283.097,-10.368,0.232,28.562,-80.577
35.699,2277.656,-10.296,0.41,28.562,-80.577
35.749,2272.198,-10.224,0.587,28.562,-80.577
35.799,2266.721,-10.151,0.766,28.562,-80.577
35.849,2261.228,-10.076,0.948,28.562,-80.577
35.899,2255.716,-10.001,1.132,28.562,-80.577
35.945,2250.593,-9.929,1.306,28.562,-80.577
35.995,2245.048,-9.851,1.497,28.562,-80.577
36.045,2239.486,-9.771,1.689,28.562,-80.577
36.095,2233.907,-9.692,1.882,28.562,-80.577
36.145,2228.31,-9.612,2.075,28.562,-80.577
36.195,2222.697,-9.533,2.268,28.562,-80.577
36.244,2217.161,-9.456,2.455,28.562,-80.577
36.288,2212.146,-9.387,2.622,28.562,-80.577
36.338,2206.485,-9.311,2.809,28.562,-80.577
36.388,2200.807,-9.234,2.994,28.562,-80.577
36.438,2195.112,-9.158,3.18,28.562,-80.577
36.488,2189.4,-9.081,3.367,28.562,-80.577
36.538,2183.672,-9.003,3.555,28.562,-80.577
36.588,2177.927,-8.924,3.746,28.562,-80.577
36.638,2172.228,-8.844,3.938,28.562,-80.577
36.688,2166.45,-8.762,4.135,28.562,-80.577
36.738,2160.655,-8.679,4.333,28.562,-80.577
36.788,2154.843,-8.596,4.532,28.562,-80.577
36.838,2149.015,-8.513,4.731,28.562,-80.577
36.888,2143.171,-8.431,4.929,28.562,-80.577
36.938,2137.31,-8.349,5.126,28.562,-80.577
36.988,2131.434,-8.268,5.321,28.562,-80.577
37.038,2125.542,-8.187,5.515,28.562,-80.577
37.088,2119.633,-8.107,5.708,28.562,-80.577
37.138,2113.708,-8.026,5.902,28.562,-80.577
37.188,2107.768,-7.944,6.098,28.562,-80.577
37.238,2101.811,-7.861,6.296,28.562,-80.577
37.288,2095.838,-7.777,6.497,28.562,-80.577
37.338,2089.849,-7.691,6.7,28.562,-80.577
37.388,2083.844,-7.604,6.906,28.562,-80.577
37.438,2077.823,-7.517,7.113,28.562,-80.577
37.488,2071.787,-7.429,7.32,28.562,-80.577
37.538,2065.735,-7.342,7.526,28.562,-80.577
37.588,2059.667,-7.256,7.73,28.562,-80.577
37.638,2053.584,-7.17,7.933,28.562,-80.577
37.688,2047.486,-7.085,8.135,28.562,-80.577
37.738,2041.373,-7,8.337,28.562,-80.577
37.788,2035.244,-6.915,8.539,28.562,-80.577
37.838,2029.1,-6.829,8.742,28.562,-80.577
37.888,2022.94,-6.742,8.947,28.562,-80.577
37.938,2016.765,-6.653,9.155,28.562,-80.577
37.988,2010.574,-6.563,9.366,28.562,-80.577
38.038,2004.368,-6.472,9.578,28.562,-80.577
38.088,1998.148,-6.381,9.792,28.562,-80.577
38.138,1991.912,-6.289,10.005,28.562,-80.577
38.188,1985.661,-6.198,10.218,28.562,-80.577
38.238,1979.395,-6.108,10.43,28.562,-80.577
38.288,1973.115,-6.018,10.64,28.562,-80.577
38.338,1966.82,-5.928,10.85,28.562,-80.577
38.388,1960.511,-5.838,11.059,28.562,-80.577
38.438,1954.186,-5.748,11.268,28.562,-80.577
38.488,1947.847,-5.657,11.48,28.562,-80.577
38.538,1941.493,-5.565,11.694,28.562,-80.577
38.588,1935.125,-5.471,11.911,28.562,-80.577
38.638,1928.741,-5.376,12.13,28.562,-80.577
38.688,1922.344,-5.279,12.351,28.562,-80.577
38.738,1915.932,-5.183,12.573,28.562,-80.577
38.788,1909.505,-5.087,12.794,28.562,-80.577
38.838,1903.065,-4.991,13.014,28.562,-80.577
38.888,1896.61,-4.896,13.232,28.562,-80.577
38.938,1890.142,-4.802,13.449,28.562,-80.577
38.988,1883.659,-4.707,13.666,28.562,-80.577
39.038,1877.162,-4.612,13.883,28.562,-80.577
39.088,1870.651,-4.516,14.102,28.562,-80.577
39.138,1864.127,-4.419,14.324,28.562,-80.577
39.188,1857.588,-4.32,14.548,28.562,-80.577
39.238,1851.035,-4.22,14.775,28.562,-80.577
39.288,1844.468,-4.12,15.002,28.562,-80.577
39.338,1837.887,-4.019,15.23,28.562,-80.577
39.388,1831.293,-3.919,15.457,28.562,-80.577
39.438,1824.686,-3.819,15.684,28.562,-80.577
39.488,1818.064,-3.719,15.909,28.562,-80.577
39.538,1811.43,-3.619,16.134,28.562,-80.577
39.588,1804.782,-3.519,16.36,28.562,-80.577
39.638,1798.12,-3.418,16.587,28.562,-80.577
39.688,1791.445,-3.316,16.815,28.562,-80.577
39.738,1784.757,-3.213,17.046,28.562,-80.577
39.788,1778.055,-3.109,17.277,28.562,-80.577
39.838,1771.34,-3.004,17.51,28.562,-80.577
39.888,1764.612,-2.899,17.744,28.562,-80.577
39.938,1757.871,-2.793,17.979,28.562,-80.577
39.988,1751.116,-2.687,18.215,28.562,-80.577
40.038,1744.349,-2.581,18.45,28.562,-80.577
40.088,1737.569,-2.474,18.685,28.562,-80.577
40.138,1730.776,-2.369,18.919,28.562,-80.577
40.188,1723.97,-2.263,19.152,28.562,-80.577
40.238,1717.152,-2.157,19.386,28.562,-80.577
40.288,1710.321,-2.05,19.62,28.562,-80.577
40.338,1703.477,-1.943,19.855,28.562,-80.577
40.388,1696.62,-1.835,20.093,28.562,-80.577
40.438,1689.751,-1.725,20.333,28.562,-80.577
40.488,1682.869,-1.614,20.574,28.562,-80.577
40.538,1675.975,-1.503,20.816,28.562,-80.577
40.588,1669.068,-1.391,21.059,28.562,-80.577
40.638,1662.149,-1.28,21.301,28.562,-80.577
40.688,1655.218,-1.168,21.543,28.562,-80.577
40.738,1648.275,-1.056,21.784,28.562,-80.577
40.788,1641.319,-0.944,22.026,28.562,-80.577
40.838,1634.351,-0.832,22.269,28.562,-80.577
40.888,1627.371,-0.719,22.512,28.562,-80.577
40.938,1620.379,-0.605,22.757,28.562,-80.577
40.988,1613.375,-0.49,23.003,28.562,-80.577
41.038,1606.359,-0.374,23.251,28.562,-80.577
41.088,1599.331,-0.257,23.5,28.562,-80.577
41.138,1592.292,-0.14,23.749,28.562,-80.577
41.188,1585.24,-0.022,23.999,28.562,-80.577
41.238,1578.177,0.095,24.248,28.562,-80.577
41.288,1571.102,0.212,24.497,28.562,-80.577
41.338,1564.016,0.33,24.744,28.562,-80.577
41.388,1556.918,0.447,24.993,28.562,-80.577
41.438,1549.809,0.565,25.242,28.562,-80.577
41.488,1542.688,0.684,25.492,28.562,-80.577
41.538,1535.556,0.804,25.745,28.562,-80.577
41.588,1528.412,0.926,26,28.562,-80.577
41.638,1521.257,1.049,26.257,28.562,-80.577
41.688,1514.091,1.172,26.513,28.562,-80.577
41.738,1506.913,1.295,26.769,28.562,-80.577
41.788,1499.725,1.417,27.023,28.562,-80.577
41.838,1492.525,1.539,27.277,28.562,-80.577
41.888,1485.315,1.662,27.531,28.562,-80.577
41.938,1478.093,1.785,27.786,28.562,-80.577
41.988,1470.861,1.909,28.043,28.562,-80.577
42.038,1463.618,2.035,28.302,28.562,-80.577
42.088,1456.363,2.163,28.563,28.562,-80.577
42.138,1449.098,2.291,28.825,28.562,-80.577
42.188,1441.822,2.419,29.088,28.562,-80.577
42.238,1434.536,2.548,29.35,28.562,-80.577
42.288,1427.239,2.676,29.611,28.562,-80.577
42.338,1419.932,2.804,29.872,28.562,-80.577
42.388,1412.614,2.932,30.133,28.562,-80.577
42.438,1405.286,3.061,30.395,28.562,-80.577
42.488,1397.947,3.191,30.657,28.562,-80.577
42.538,1390.598,3.322,30.921,28.562,-80.577
42.588,1383.238,3.453,31.187,28.562,-80.577
42.638,1375.869,3.586,31.453,28.562,-80.577
42.688,1368.489,3.719,31.72,28.562,-80.577
42.738,1361.099,3.852,31.988,28.562,-80.577
42.788,1353.698,3.987,32.256,28.562,-80.577
42.838,1346.288,4.122,32.525,28.562,-80.577
42.888,1338.868,4.257,32.794,28.562,-80.577
42.938,1331.438,4.393,33.063,28.562,-80.577
42.988,1323.998,4.529,33.333,28.562,-80.577
43.038,1316.548,4.665,33.602,28.562,-80.577
43.088,1309.089,4.801,33.871,28.562,-80.577
43.138,1301.62,4.938,34.142,28.562,-80.577
43.188,1294.141,5.076,34.414,28.562,-80.577
43.238,1286.652,5.215,34.688,28.562,-80.577
43.288,1279.154,5.356,34.963,28.562,-80.577
43.338,1271.646,5.497,35.239,28.562,-80.577
43.388,1264.129,5.639,35.514,28.562,-80.577
43.438,1256.602,5.78,35.789,28.562,-80.577
43.488,1249.066,5.921,36.063,28.562,-80.577
43.538,1241.521,6.062,36.339,28.562,-80.577
43.588,1233.967,6.205,36.615,28.562,-80.577
43.638,1226.403,6.348,36.892,28.562,-80.577
43.688,1218.83,6.492,37.171,28.562,-80.577
43.738,1211.248,6.638,37.45,28.562,-80.577
43.788,1203.657,6.784,37.731,28.562,-80.577
43.838,1196.056,6.93,38.012,28.562,-80.577
43.888,1188.447,7.077,38.293,28.562,-80.577
43.938,1180.829,7.224,38.574,28.562,-80.577
43.988,1173.203,7.37,38.853,28.562,-80.577
44.038,1165.567,7.517,39.133,28.562,-80.577
44.088,1157.923,7.664,39.414,28.562,-80.577
44.138,1150.269,7.813,39.697,28.562,-80.577
44.188,1142.607,7.963,39.981,28.562,-80.577
44.238,1134.937,8.114,40.267,28.562,-80.577
44.288,1127.258,8.267,40.554,28.562,-80.577
44.338,1119.57,8.419,40.841,28.562,-80.577
44.388,1111.874,8.571,41.127,28.562,-80.577
44.438,1104.169,8.723,41.412,28.562,-80.577
44.488,1096.457,8.874,41.696,28.562,-80.577
44.538,1088.736,9.025,41.981,28.562,-80.577
44.588,1081.006,9.178,42.267,28.562,-80.577
44.638,1073.268,9.332,42.555,28.562,-80.577
44.688,1065.522,9.488,42.845,28.562,-80.577
44.738,1057.768,9.645,43.137,28.562,-80.577
44.788,1050.006,9.803,43.429,28.562,-80.577
44.838,1042.236,9.96,43.72,28.562,-80.577
44.888,1034.458,10.117,44.011,28.562,-80.577
44.938,1026.672,10.274,44.302,28.562,-80.577
44.988,1018.878,10.432,44.593,28.563,-80.577
45.038,1011.076,10.589,44.884,28.563,-80.577
45.088,1003.266,10.748,45.177,28.563,-80.577
45.138,995.449,10.908,45.47,28.563,-80.577
45.188,987.623,11.067,45.763,28.563,-80.577
45.238,979.791,11.227,46.057,28.563,-80.577
45.288,971.95,11.387,46.35,28.563,-80.577
45.338,964.102,11.548,46.643,28.563,-80.577
45.388,956.247,11.709,46.938,28.563,-80.577
45.438,948.384,11.871,47.234,28.563,-80.577
45.488,940.513,12.034,47.531,28.563,-80.577
45.538,932.635,12.198,47.829,28.563,-80.577
45.588,924.75,12.363,48.129,28.563,-80.577
45.638,916.857,12.528,48.427,28.563,-80.577
45.688,908.957,12.692,48.725,28.563,-80.577
45.738,901.05,12.856,49.022,28.563,-80.577
45.788,893.136,13.02,49.318,28.563,-80.577
45.838,885.215,13.184,49.615,28.563,-80.577
45.888,877.287,13.349,49.914,28.563,-80.577
45.938,869.352,13.516,50.215,28.563,-80.577
45.988,861.409,13.684,50.517,28.563,-80.577
46,859.489,13.725,50.59,28.563,-80.577
46.018,856.607,13.786,50.7,28.563,-80.577
46.045,852.282,13.878,50.864,28.563,-80.577
46.062,849.591,13.935,50.967,28.563,-80.577
46.071,848.153,13.965,51.021,28.563,-80.577
46.078,847.12,13.987,51.061,28.563,-80.577
46.083,846.285,14.005,51.092,28.563,-80.577
46.087,845.579,14.02,51.119,28.563,-80.577
46.091,844.966,14.033,51.142,28.563,-80.577
46.095,844.421,14.044,51.163,28.563,-80.577
46.098,843.932,14.055,51.182,28.563,-80.577
46.101,843.489,14.064,51.198,28.563,-80.577
46.103,843.08,14.073,51.214,28.563,-80.577
46.106,842.681,14.081,51.229,28.563,-80.577
46.108,842.283,14.09,51.244,28.563,-80.577
46.111,841.884,14.098,51.259,28.563,-80.577
46.113,841.486,14.106,51.274,28.563,-80.577
46.116,841.087,14.115,51.289,28.563,-80.577
46.118,840.689,14.123,51.304,28.563,-80.577
46.121,840.29,14.132,51.319,28.563,-80.577
46.123,839.892,14.14,51.334,28.563,-80.577
46.126,839.493,14.148,51.349,28.563,-80.577
46.128,839.094,14.157,51.364,28.563,-80.577
46.131,838.696,14.165,51.379,28.563,-80.577
46.133,838.297,14.173,51.394,28.563,-80.577
46.136,837.898,14.182,51.409,28.563,-80.577
46.138,837.5,14.19,51.424,28.563,-80.577
46.141,837.101,14.198,51.439,28.563,-80.577
46.143,836.702,14.206,51.454,28.563,-80.577
46.146,836.303,14.215,51.468,28.563,-80.577
46.148,835.905,14.223,51.483,28.563,-80.577
46.151,835.506,14.231,51.498,28.563,-80.577
46.153,835.107,14.239,51.513,28.563,-80.577
46.156,834.708,14.247,51.527,28.563,-80.577
46.158,834.31,14.255,51.542,28.563,-80.577
46.161,833.911,14.264,51.556,28.563,-80.577
46.163,833.512,14.272,51.571,28.563,-80.577
46.166,833.113,14.28,51.585,28.563,-80.577
46.168,832.714,14.287,51.599,28.563,-80.577
46.171,832.316,14.295,51.614,28.563,-80.577
46.173,831.917,14.303,51.628,28.563,-80.577
46.176,831.518,14.311,51.642,28.563,-80.577
46.178,831.119,14.319,51.656,28.563,-80.577
46.181,830.721,14.326,51.669,28.563,-80.577
46.183,830.322,14.334,51.683,28.563,-80.577
46.186,829.923,14.341,51.697,28.563,-80.577
46.188,829.525,14.349,51.71,28.563,-80.577
46.191,829.126,14.356,51.723,28.563,-80.577
46.193,828.728,14.363,51.736,28.563,-80.577
46.196,828.33,14.37,51.749,28.563,-80.577
46.198,827.932,14.377,51.761,28.563,-80.577
46.201,827.534,14.383,51.774,28.563,-80.577
46.203,827.136,14.39,51.786,28.563,-80.577
46.206,826.738,14.396,51.798,28.563,-80.577
46.208,826.341,14.402,51.809,28.563,-80.577
46.211,825.944,14.408,51.82,28.563,-80.577
46.213,825.547,14.414,51.831,28.563,-80.577
46.216,825.151,14.42,51.841,28.563,-80.577
46.218,824.755,14.425,51.851,28.563,-80.577
46.221,824.359,14.43,51.861,28.563,-80.577
46.223,823.964,14.435,51.87,28.563,-80.577
46.226,823.569,14.439,51.879,28.563,-80.577
46.228,823.176,14.444,51.888,28.563,-80.577
46.231,822.782,14.448,51.896,28.563,-80.577
46.233,822.39,14.452,51.904,28.563,-80.577
46.236,821.998,14.455,51.911,28.563,-80.577
46.238,821.607,14.459,51.918,28.563,-80.577
46.241,821.217,14.462,51.925,28.563,-80.577
46.243,820.828,14.465,51.931,28.563,-80.577
46.246,820.44,14.467,51.937,28.563,-80.577
46.248,820.053,14.47,51.943,28.563,-80.577
46.251,819.667,14.473,51.948,28.563,-80.577
46.253,819.283,14.475,51.954,28.563,-80.577
46.256,818.899,14.478,51.96,28.563,-80.577
46.258,818.517,14.48,51.965,28.563,-80.577
46.261,818.135,14.483,51.971,28.563,-80.577
46.263,817.755,14.486,51.976,28.563,-80.577
46.266,817.376,14.488,51.982,28.563,-80.577
46.268,816.998,14.491,51.988,28.563,-80.577
46.271,816.621,14.494,51.995,28.563,-80.577
46.273,816.245,14.498,52.001,28.563,-80.577
46.276,815.869,14.501,52.008,28.563,-80.577
46.278,815.495,14.505,52.016,28.563,-80.577
46.281,815.121,14.509,52.024,28.563,-80.577
46.283,814.748,14.513,52.032,28.563,-80.577
46.286,814.376,14.518,52.04,28.563,-80.577
46.288,814.004,14.522,52.049,28.563,-80.577
46.291,813.633,14.527,52.059,28.563,-80.577
46.293,813.262,14.533,52.068,28.563,-80.577
46.296,812.891,14.538,52.079,28.563,-80.577
46.298,812.521,14.544,52.089,28.563,-80.577
46.301,812.151,14.55,52.1,28.563,-80.577
46.303,811.781,14.556,52.111,28.563,-80.577
46.306,811.411,14.562,52.122,28.563,-80.577
46.308,811.042,14.569,52.134,28.563,-80.577
46.311,810.672,14.575,52.146,28.563,-80.577
46.313,810.303,14.582,52.158,28.563,-80.577
46.316,809.84,14.59,52.173,28.563,-80.577
46.319,809.45,14.598,52.187,28.563,-80.577
46.321,809.081,14.605,52.199,28.563,-80.577
46.324,808.711,14.612,52.212,28.563,-80.577
46.326,808.342,14.619,52.224,28.563,-80.577
46.329,807.973,14.626,52.237,28.563,-80.577
46.331,807.604,14.633,52.25,28.563,-80.577
46.334,807.234,14.641,52.263,28.563,-80.577
46.336,806.865,14.648,52.276,28.563,-80.577
46.339,806.432,14.656,52.291,28.563,-80.577
46.342,806.062,14.663,52.304,28.563,-80.577
46.344,805.693,14.671,52.316,28.563,-80.577
46.347,805.323,14.678,52.329,28.563,-80.577
46.349,804.954,14.685,52.342,28.563,-80.577
46.352,804.585,14.692,52.355,28.563,-80.577
46.354,804.215,14.699,52.367,28.563,-80.577
46.357,803.846,14.706,52.38,28.563,-80.577
46.359,803.476,14.713,52.392,28.563,-80.577
46.362,803.107,14.72,52.404,28.563,-80.577
46.364,802.738,14.726,52.416,28.563,-80.577
46.367,802.369,14.733,52.428,28.563,-80.577
46.369,802,14.74,52.44,28.563,-80.577
46.372,801.631,14.746,52.451,28.563,-80.577
46.374,801.262,14.752,52.463,28.563,-80.577
46.377,800.893,14.758,52.474,28.563,-80.577
46.379,800.524,14.765,52.485,28.563,-80.577
46.382,800.155,14.77,52.496,28.563,-80.577
46.384,799.787,14.776,52.506,28.563,-80.577
46.387,799.418,14.782,52.517,28.563,-80.577
46.389,799.05,14.788,52.527,28.563,-80.577
46.392,798.681,14.793,52.537,28.563,-80.577
46.394,798.313,14.799,52.547,28.563,-80.577
46.397,797.945,14.804,52.557,28.563,-80.577
46.399,797.577,14.809,52.567,28.563,-80.577
46.402,797.208,14.815,52.577,28.563,-80.577
46.404,796.84,14.82,52.586,28.563,-80.577
46.407,796.472,14.825,52.596,28.563,-80.577
46.409,796.104,14.83,52.605,28.563,-80.577
46.412,795.736,14.835,52.614,28.563,-80.577
46.414,795.368,14.84,52.623,28.563,-80.577
46.417,795,14.845,52.633,28.563,-80.577
46.419,794.632,14.849,52.642,28.563,-80.577
46.422,794.264,14.854,52.651,28.563,-80.577
46.424,793.895,14.859,52.66,28.563,-80.577
46.427,793.527,14.864,52.669,28.563,-80.577
46.429,793.159,14.869,52.678,28.563,-80.577
46.432,792.791,14.873,52.687,28.563,-80.577
46.436,792.238,14.881,52.7,28.563,-80.577
46.439,791.744,14.887,52.712,28.563,-80.577
46.441,791.376,14.892,52.721,28.563,-80.577
46.444,791.007,14.897,52.73,28.563,-80.577
46.446,790.639,14.901,52.739,28.563,-80.577
46.449,790.27,14.906,52.748,28.563,-80.577
46.451,789.902,14.911,52.757,28.563,-80.577
46.454,789.533,14.916,52.766,28.563,-80.577
46.456,789.165,14.921,52.776,28.563,-80.577
46.459,788.797,14.926,52.785,28.563,-80.577
46.461,788.428,14.931,52.794,28.563,-80.577
46.464,788.06,14.936,52.804,28.563,-80.577
46.466,787.691,14.941,52.813,28.563,-80.577
46.469,787.323,14.947,52.823,28.563,-80.577
46.471,786.954,14.952,52.832,28.563,-80.577
46.474,786.586,14.957,52.842,28.563,-80.577
46.476,786.217,14.963,52.852,28.563,-80.577
46.479,785.849,14.968,52.862,28.563,-80.577
46.481,785.48,14.974,52.872,28.563,-80.577
46.484,785.112,14.979,52.883,28.563,-80.577
46.486,784.743,14.985,52.893,28.563,-80.577
46.489,784.375,14.991,52.903,28.563,-80.577
46.491,784.006,14.996,52.914,28.563,-80.577
46.494,783.638,15.002,52.924,28.563,-80.577
46.496,783.269,15.008,52.935,28.563,-80.577
46.499,782.901,15.014,52.946,28.563,-80.577
46.501,782.532,15.02,52.957,28.563,-80.577
46.504,782.164,15.026,52.967,28.563,-80.577
46.506,781.795,15.032,52.978,28.563,-80.577
46.509,781.427,15.038,52.989,28.563,-80.577
46.511,781.058,15.044,53,28.563,-80.577
46.514,780.69,15.05,53.011,28.563,-80.577
46.516,780.321,15.056,53.023,28.563,-80.577
46.519,779.953,15.063,53.034,28.563,-80.577
46.521,779.584,15.069,53.045,28.563,-80.577
46.524,779.215,15.075,53.056,28.563,-80.577
46.526,778.847,15.081,53.067,28.563,-80.577
46.529,778.46,15.088,53.079,28.563,-80.577
46.533,777.879,15.097,53.097,28.563,-80.577
46.539,777.008,15.112,53.123,28.563,-80.577
46.541,776.639,15.118,53.134,28.563,-80.577
46.544,776.271,15.125,53.145,28.563,-80.577
46.546,775.902,15.131,53.157,28.563,-80.577
46.549,775.533,15.137,53.168,28.563,-80.577
46.551,775.164,15.143,53.179,28.563,-80.577
46.554,774.795,15.149,53.19,28.563,-80.577
46.556,774.426,15.155,53.201,28.563,-80.577
46.559,774.057,15.161,53.212,28.563,-80.577
46.561,773.688,15.167,53.223,28.563,-80.577
46.564,773.319,15.174,53.234,28.563,-80.577
46.566,772.95,15.18,53.245,28.563,-80.577
46.569,772.581,15.185,53.255,28.563,-80.577
46.571,772.211,15.191,53.266,28.563,-80.577
46.574,771.842,15.197,53.277,28.563,-80.577
46.576,771.473,15.203,53.288,28.563,-80.577
46.579,771.104,15.209,53.298,28.563,-80.577
46.581,770.735,15.215,53.309,28.563,-80.577
46.584,770.366,15.22,53.319,28.563,-80.577
46.586,769.997,15.226,53.329,28.563,-80.577
46.589,769.628,15.232,53.34,28.563,-80.577
46.591,769.259,15.237,53.35,28.563,-80.577
46.594,768.89,15.243,53.36,28.563,-80.577
46.596,768.52,15.249,53.37,28.563,-80.577
46.599,768.151,15.254,53.381,28.563,-80.577
46.601,767.782,15.26,53.391,28.563,-80.577
46.604,767.413,15.265,53.401,28.563,-80.577
46.606,767.044,15.271,53.411,28.563,-80.577
46.609,766.674,15.276,53.421,28.563,-80.577
46.611,766.305,15.282,53.431,28.563,-80.577
46.614,765.936,15.287,53.441,28.563,-80.577
46.616,765.567,15.292,53.45,28.563,-80.577
46.619,765.197,15.298,53.46,28.563,-80.577
46.621,764.828,15.303,53.47,28.563,-80.577
46.624,764.459,15.309,53.48,28.563,-80.577
46.627,764.068,15.314,53.491,28.563,-80.577
46.63,763.487,15.323,53.506,28.563,-80.577
46.636,762.616,15.335,53.529,28.563,-80.577
46.639,762.237,15.341,53.539,28.563,-80.577
46.641,761.868,15.346,53.549,28.563,-80.577
46.644,761.498,15.352,53.559,28.563,-80.577
46.646,761.128,15.357,53.569,28.563,-80.577
46.649,760.759,15.363,53.579,28.563,-80.577
46.651,760.389,15.368,53.589,28.563,-80.577
46.654,760.019,15.373,53.599,28.563,-80.577
46.656,759.65,15.379,53.609,28.563,-80.577
46.659,759.28,15.384,53.619,28.563,-80.577
46.661,758.91,15.39,53.629,28.563,-80.577
46.664,758.54,15.396,53.639,28.563,-80.577
46.666,758.17,15.401,53.649,28.563,-80.577
46.669,757.801,15.407,53.659,28.563,-80.577
46.671,757.431,15.412,53.67,28.563,-80.577
46.674,757.061,15.418,53.68,28.563,-80.577
46.676,756.691,15.424,53.69,28.563,-80.577
46.679,756.321,15.429,53.7,28.563,-80.577
46.681,755.951,15.435,53.711,28.563,-80.577
46.684,755.581,15.441,53.721,28.563,-80.577
46.686,755.211,15.447,53.732,28.563,-80.577
46.689,754.841,15.452,53.742,28.563,-80.577
46.691,754.471,15.458,53.753,28.563,-80.577
46.694,754.101,15.464,53.764,28.563,-80.577
46.696,753.731,15.47,53.774,28.563,-80.577
46.699,753.361,15.476,53.785,28.563,-80.577
46.701,752.99,15.482,53.796,28.563,-80.577
46.704,752.62,15.488,53.806,28.563,-80.577
46.706,752.25,15.494,53.817,28.563,-80.577
46.709,751.88,15.5,53.828,28.563,-80.577
46.711,751.51,15.506,53.839,28.563,-80.577
46.714,751.139,15.512,53.85,28.563,-80.577
46.716,750.769,15.518,53.86,28.563,-80.577
46.719,750.399,15.524,53.871,28.563,-80.577
46.721,750.028,15.53,53.882,28.563,-80.577
46.724,749.652,15.536,53.893,28.563,-80.577
46.727,749.169,15.544,53.908,28.563,-80.577
46.732,748.445,15.556,53.929,28.563,-80.577
46.739,747.357,15.574,53.961,28.563,-80.577
46.742,746.987,15.58,53.972,28.563,-80.577
46.744,746.616,15.586,53.983,28.563,-80.577
46.747,746.245,15.592,53.994,28.563,-80.577
46.749,745.875,15.598,54.004,28.563,-80.577
46.752,745.504,15.604,54.015,28.563,-80.577
46.754,745.133,15.61,54.026,28.563,-80.577
46.757,744.763,15.616,54.037,28.563,-80.577
46.759,744.392,15.622,54.048,28.563,-80.577
46.762,744.021,15.628,54.059,28.563,-80.577
46.764,743.65,15.634,54.069,28.563,-80.577
46.767,743.279,15.64,54.08,28.563,-80.577
46.769,742.908,15.646,54.091,28.563,-80.577
46.772,742.537,15.652,54.102,28.563,-80.577
46.774,742.167,15.657,54.112,28.563,-80.577
46.777,741.796,15.663,54.123,28.563,-80.577
46.779,741.425,15.669,54.133,28.563,-80.577
46.782,741.054,15.675,54.144,28.563,-80.577
46.784,740.683,15.681,54.154,28.563,-80.577
46.787,740.312,15.687,54.165,28.563,-80.577
46.789,739.941,15.692,54.175,28.563,-80.577
46.792,739.57,15.698,54.186,28.563,-80.577
46.794,739.199,15.704,54.196,28.563,-80.577
46.797,738.827,15.71,54.207,28.563,-80.577
46.799,738.456,15.715,54.217,28.563,-80.577
46.802,738.085,15.721,54.227,28.563,-80.577
46.804,737.714,15.727,54.238,28.563,-80.577
46.807,737.343,15.732,54.248,28.563,-80.577
46.809,736.972,15.738,54.258,28.563,-80.577
46.812,736.6,15.744,54.268,28.563,-80.577
46.814,736.229,15.749,54.279,28.563,-80.577
46.817,735.858,15.755,54.289,28.563,-80.577
46.819,735.486,15.761,54.299,28.563,-80.577
46.822,735.115,15.766,54.309,28.563,-80.577
46.825,734.669,15.773,54.322,28.563,-80.577
46.829,734.054,15.782,54.338,28.563,-80.577
46.835,733.131,15.796,54.364,28.563,-80.577
46.841,732.221,15.81,54.389,28.563,-80.577
46.844,731.849,15.816,54.399,28.563,-80.577
46.846,731.477,15.821,54.409,28.563,-80.577
46.849,731.106,15.827,54.419,28.563,-80.577
46.851,730.734,15.833,54.43,28.563,-80.577
46.854,730.362,15.838,54.44,28.563,-80.577
46.856,729.99,15.844,54.45,28.563,-80.577
46.859,729.619,15.85,54.461,28.563,-80.577
46.861,729.247,15.855,54.471,28.563,-80.577
46.864,728.875,15.861,54.481,28.563,-80.577
46.866,728.503,15.867,54.492,28.563,-80.577
46.869,728.131,15.873,54.502,28.563,-80.577
46.871,727.759,15.878,54.512,28.563,-80.577
46.874,727.387,15.884,54.523,28.563,-80.577
46.876,727.015,15.89,54.533,28.563,-80.577
46.879,726.643,15.896,54.544,28.563,-80.577
46.881,726.271,15.902,54.554,28.563,-80.577
46.884,725.899,15.907,54.565,28.563,-80.577
46.886,725.527,15.913,54.575,28.563,-80.577
46.889,725.155,15.919,54.586,28.563,-80.577
46.891,724.783,15.925,54.597,28.563,-80.577
46.894,724.411,15.931,54.607,28.563,-80.577
46.896,724.039,15.937,54.618,28.563,-80.577
46.899,723.667,15.943,54.629,28.563,-80.577
46.901,723.294,15.949,54.639,28.563,-80.577
46.904,722.922,15.955,54.65,28.563,-80.577
46.906,722.55,15.961,54.661,28.563,-80.577
46.909,722.177,15.967,54.672,28.563,-80.577
46.911,721.805,15.973,54.683,28.563,-80.577
46.914,721.433,15.979,54.693,28.563,-80.577
46.916,721.06,15.985,54.704,28.563,-80.577
46.919,720.688,15.991,54.715,28.563,-80.577
46.922,720.259,15.998,54.728,28.563,-80.577
46.925,719.72,16.007,54.743,28.563,-80.577
46.931,718.912,16.02,54.767,28.563,-80.577
46.939,717.7,16.04,54.802,28.563,-80.577
46.942,717.235,16.047,54.816,28.563,-80.577
46.945,716.863,16.053,54.827,28.563,-80.577
46.947,716.49,16.059,54.837,28.563,-80.577
46.95,716.117,16.065,54.848,28.563,-80.577
46.952,715.744,16.071,54.859,28.563,-80.577
46.955,715.371,16.077,54.87,28.563,-80.577
46.957,714.999,16.083,54.881,28.563,-80.577
46.96,714.626,16.089,54.892,28.563,-80.577
46.962,714.253,16.095,54.902,28.563,-80.577
46.965,713.88,16.101,54.913,28.563,-80.577
46.967,713.507,16.107,54.924,28.563,-80.577
46.97,713.134,16.113,54.935,28.563,-80.577
46.972,712.761,16.119,54.945,28.563,-80.577
46.975,712.388,16.125,54.956,28.563,-80.577
46.977,712.015,16.131,54.967,28.563,-80.577
46.98,711.642,16.137,54.977,28.563,-80.577
46.982,711.269,16.143,54.988,28.563,-80.577
46.985,710.895,16.149,54.999,28.563,-80.577
46.987,710.522,16.155,55.009,28.563,-80.577
46.99,710.149,16.16,55.02,28.563,-80.577
46.992,709.776,16.166,55.03,28.563,-80.577
46.995,709.403,16.172,55.041,28.563,-80.577
46.997,709.029,16.178,55.051,28.563,-80.577
47,708.656,16.184,55.062,28.563,-80.577
47.002,708.283,16.19,55.072,28.563,-80.577
47.005,707.909,16.195,55.083,28.563,-80.577
47.007,707.536,16.201,55.093,28.563,-80.577
47.01,707.163,16.207,55.104,28.563,-80.577
47.012,706.789,16.213,55.114,28.563,-80.577
47.015,706.416,16.219,55.125,28.563,-80.577
47.017,706.033,16.225,55.135,28.563,-80.577
47.02,705.598,16.231,55.147,28.563,-80.577
47.024,705.073,16.239,55.162,28.563,-80.577
47.028,704.359,16.25,55.182,28.563,-80.577
47.036,703.289,16.267,55.212,28.563,-80.577
47.045,701.907,16.288,55.25,28.563,-80.577
47.047,701.533,16.294,55.261,28.563,-80.577
47.05,701.159,16.3,55.271,28.563,-80.577
47.052,700.785,16.306,55.282,28.563,-80.577
47.055,700.412,16.311,55.292,28.563,-80.577
47.057,700.038,16.317,55.302,28.563,-80.577
47.06,699.664,16.323,55.313,28.563,-80.577
47.062,699.29,16.329,55.323,28.563,-80.577
47.065,698.916,16.335,55.334,28.563,-80.577
47.067,698.542,16.341,55.344,28.563,-80.577
47.07,698.167,16.347,55.355,28.563,-80.577
47.072,697.793,16.352,55.366,28.563,-80.577
47.075,697.419,16.358,55.376,28.563,-80.577
47.077,697.045,16.364,55.387,28.563,-80.577
47.08,696.671,16.37,55.397,28.563,-80.577
47.082,696.297,16.376,55.408,28.563,-80.577
47.085,695.922,16.382,55.419,28.563,-80.577
47.087,695.548,16.388,55.429,28.563,-80.577
47.09,695.174,16.394,55.44,28.563,-80.577
47.092,694.799,16.4,55.451,28.563,-80.577
47.095,694.425,16.406,55.461,28.563,-80.577
47.097,694.051,16.412,55.472,28.563,-80.577
47.1,693.676,16.418,55.483,28.563,-80.577
47.102,693.302,16.424,55.494,28.563,-80.577
47.105,692.927,16.43,55.505,28.563,-80.577
47.107,692.553,16.436,55.515,28.563,-80.577
47.11,692.178,16.442,55.526,28.563,-80.577
47.112,691.804,16.448,55.537,28.563,-80.577
47.115,691.429,16.454,55.548,28.563,-80.577
47.117,691.017,16.461,55.56,28.563,-80.577
47.121,690.546,16.468,55.573,28.563,-80.577
47.124,689.972,16.478,55.59,28.563,-80.577
47.13,689.177,16.491,55.613,28.563,-80.577
47.138,687.984,16.51,55.648,28.563,-80.577
47.145,686.865,16.528,55.68,28.563,-80.577
47.148,686.456,16.535,55.692,28.563,-80.577
47.15,686.081,16.541,55.703,28.563,-80.577
47.153,685.706,16.547,55.714,28.563,-80.577
47.155,685.331,16.553,55.725,28.563,-80.577
47.158,684.956,16.559,55.735,28.563,-80.577
47.16,684.58,16.565,55.746,28.563,-80.577
47.163,684.205,16.571,55.757,28.563,-80.577
47.165,683.83,16.577,55.768,28.563,-80.577
47.168,683.455,16.583,55.779,28.563,-80.577
47.17,683.08,16.589,55.79,28.563,-80.577
47.173,682.705,16.595,55.8,28.563,-80.577
47.175,682.329,16.601,55.811,28.563,-80.577
47.178,681.954,16.607,55.822,28.563,-80.577
47.18,681.579,16.613,55.833,28.563,-80.577
47.183,681.203,16.619,55.843,28.563,-80.577
47.185,680.828,16.625,55.854,28.563,-80.577
47.188,680.453,16.631,55.865,28.563,-80.577
47.19,680.077,16.637,55.875,28.563,-80.577
47.193,679.702,16.643,55.886,28.563,-80.577
47.195,679.326,16.649,55.897,28.563,-80.577
47.198,678.951,16.655,55.907,28.563,-80.577
47.2,678.575,16.661,55.918,28.563,-80.577
47.203,678.2,16.667,55.929,28.563,-80.577
47.205,677.824,16.673,55.939,28.563,-80.577
47.208,677.448,16.679,55.95,28.563,-80.577
47.21,677.073,16.684,55.96,28.563,-80.577
47.213,676.697,16.69,55.971,28.563,-80.577
47.216,676.279,16.697,55.983,28.563,-80.577
47.219,675.795,16.704,55.996,28.563,-80.577
47.223,675.218,16.714,56.013,28.563,-80.577
47.228,674.447,16.726,56.034,28.563,-80.577
47.236,673.291,16.744,56.067,28.563,-80.577
47.247,671.556,16.771,56.116,28.563,-80.577
47.25,671.16,16.777,56.127,28.563,-80.577
47.252,670.784,16.783,56.137,28.563,-80.577
47.255,670.408,16.789,56.148,28.563,-80.577
47.257,670.031,16.795,56.158,28.563,-80.577
47.26,669.655,16.801,56.169,28.563,-80.577
47.262,669.279,16.807,56.18,28.563,-80.577
47.265,668.903,16.813,56.19,28.563,-80.577
47.267,668.526,16.819,56.201,28.563,-80.577
47.27,668.15,16.825,56.212,28.563,-80.577
47.272,667.774,16.831,56.222,28.563,-80.577
47.275,667.397,16.837,56.233,28.563,-80.577
47.277,667.021,16.843,56.244,28.563,-80.577
47.28,666.645,16.849,56.254,28.563,-80.577
47.282,666.268,16.855,56.265,28.563,-80.577
47.285,665.892,16.861,56.276,28.563,-80.577
47.287,665.515,16.867,56.287,28.563,-80.577
47.29,665.139,16.873,56.297,28.563,-80.577
47.292,664.762,16.879,56.308,28.563,-80.577
47.295,664.386,16.885,56.319,28.563,-80.577
47.297,664.009,16.891,56.33,28.563,-80.577
47.3,663.632,16.897,56.341,28.563,-80.577
47.302,663.256,16.903,56.351,28.563,-80.577
47.305,662.879,16.909,56.362,28.563,-80.577
47.307,662.502,16.915,56.373,28.563,-80.577
47.31,662.126,16.921,56.384,28.563,-80.577
47.312,661.726,16.928,56.396,28.563,-80.577
47.315,661.263,16.935,56.409,28.563,-80.577
47.319,660.711,16.944,56.425,28.563,-80.577
47.324,660.032,16.955,56.445,28.563,-80.577
47.33,659.044,16.971,56.473,28.563,-80.577
47.34,657.562,16.995,56.516,28.563,-80.577
47.346,656.653,17.01,56.542,28.563,-80.577
47.349,656.161,17.018,56.557,28.563,-80.577
47.352,655.763,17.024,56.568,28.563,-80.577
47.354,655.386,17.031,56.579,28.563,-80.577
47.357,655.009,17.037,56.59,28.563,-80.577
47.359,654.631,17.043,56.601,28.563,-80.577
47.362,654.254,17.049,56.612,28.563,-80.577
47.364,653.877,17.055,56.622,28.563,-80.577
47.367,653.499,17.061,56.633,28.563,-80.577
47.369,653.122,17.067,56.644,28.563,-80.577
47.372,652.744,17.073,56.655,28.563,-80.577
47.374,652.367,17.079,56.666,28.563,-80.577
47.377,651.989,17.085,56.677,28.563,-80.577
47.379,651.612,17.091,56.687,28.563,-80.577
47.382,651.234,17.097,56.698,28.563,-80.577
47.384,650.857,17.103,56.709,28.563,-80.577
47.387,650.479,17.109,56.72,28.563,-80.577
47.389,650.102,17.115,56.731,28.563,-80.577
47.392,649.724,17.121,56.741,28.563,-80.577
47.394,649.346,17.128,56.752,28.563,-80.577
47.397,648.968,17.134,56.763,28.563,-80.577
47.399,648.591,17.14,56.774,28.563,-80.577
47.402,648.213,17.146,56.784,28.563,-80.577
47.404,647.835,17.152,56.795,28.563,-80.577
47.407,647.457,17.157,56.806,28.563,-80.577
47.409,647.08,17.163,56.816,28.563,-80.577
47.412,646.657,17.17,56.828,28.563,-80.577
47.416,646.162,17.178,56.842,28.563,-80.577
47.419,645.563,17.187,56.859,28.563,-80.577
47.425,644.803,17.199,56.881,28.563,-80.577
47.432,643.664,17.217,56.913,28.563,-80.577
47.443,641.954,17.245,56.961,28.563,-80.577
47.447,641.325,17.255,56.979,28.563,-80.577
47.451,640.868,17.262,56.992,28.563,-80.577
47.453,640.471,17.268,57.003,28.563,-80.577
47.456,640.092,17.274,57.014,28.563,-80.577
47.458,639.714,17.28,57.025,28.563,-80.577
47.461,639.335,17.286,57.035,28.563,-80.577
47.463,638.957,17.292,57.046,28.563,-80.577
47.466,638.579,17.298,57.057,28.563,-80.577
47.468,638.2,17.304,57.068,28.563,-80.577
47.471,637.822,17.31,57.078,28.563,-80.577
47.473,637.443,17.316,57.089,28.563,-80.577
47.476,637.064,17.322,57.1,28.563,-80.577
47.478,636.686,17.328,57.111,28.563,-80.577
47.481,636.307,17.335,57.121,28.563,-80.577
47.483,635.928,17.341,57.132,28.563,-80.577
47.486,635.55,17.347,57.143,28.563,-80.577
47.488,635.171,17.353,57.154,28.563,-80.577
47.491,634.792,17.359,57.165,28.563,-80.577
47.493,634.414,17.365,57.176,28.563,-80.577
47.496,634.035,17.371,57.187,28.563,-80.577
47.498,633.656,17.377,57.197,28.563,-80.577
47.501,633.277,17.383,57.208,28.563,-80.577
47.503,632.898,17.39,57.219,28.563,-80.577
47.506,632.519,17.396,57.23,28.563,-80.577
47.508,632.117,17.402,57.242,28.563,-80.577
47.511,631.661,17.41,57.255,28.563,-80.577
47.515,631.123,17.418,57.27,28.563,-80.577
47.519,630.437,17.43,57.29,28.563,-80.577
47.526,629.5,17.445,57.317,28.563,-80.577
47.535,628.095,17.468,57.358,28.563,-80.577
47.546,626.47,17.494,57.405,28.563,-80.577
47.549,625.979,17.502,57.419,28.563,-80.577
47.552,625.548,17.509,57.432,28.563,-80.577
47.554,625.155,17.515,57.443,28.563,-80.577
47.557,624.775,17.522,57.454,28.563,-80.577
47.559,624.396,17.528,57.465,28.563,-80.577
47.562,624.016,17.534,57.476,28.563,-80.577
47.564,623.637,17.54,57.487,28.563,-80.577
47.567,623.257,17.546,57.498,28.563,-80.577
47.569,622.878,17.552,57.508,28.563,-80.577
47.572,622.498,17.558,57.519,28.563,-80.577
47.574,622.118,17.565,57.53,28.563,-80.577
47.577,621.739,17.571,57.541,28.563,-80.577
47.579,621.359,17.577,57.552,28.563,-80.577
47.582,620.979,17.583,57.563,28.563,-80.577
47.584,620.599,17.589,57.574,28.563,-80.577
47.587,620.219,17.595,57.585,28.563,-80.577
47.589,619.84,17.601,57.595,28.563,-80.577
47.592,619.46,17.607,57.606,28.563,-80.577
47.594,619.08,17.613,57.617,28.563,-80.577
47.597,618.7,17.619,57.628,28.563,-80.577
47.599,618.32,17.625,57.639,28.563,-80.577
47.602,617.923,17.632,57.65,28.563,-80.577
47.605,617.49,17.639,57.662,28.563,-80.577
47.608,617.011,17.646,57.676,28.563,-80.577
47.611,616.459,17.655,57.692,28.563,-80.577
47.616,615.785,17.666,57.711,28.563,-80.577
47.622,614.926,17.679,57.735,28.563,-80.577
47.63,613.638,17.7,57.772,28.563,-80.577
47.643,611.705,17.731,57.826,28.563,-80.577
47.648,610.928,17.743,57.848,28.563,-80.577
47.651,610.367,17.752,57.864,28.563,-80.577
47.655,609.879,17.76,57.878,28.563,-80.577
47.658,609.439,17.767,57.891,28.563,-80.577
47.66,609.032,17.773,57.902,28.563,-80.577
47.663,608.649,17.78,57.913,28.563,-80.577
47.665,608.268,17.786,57.924,28.563,-80.577
47.668,607.887,17.792,57.935,28.563,-80.577
47.67,607.507,17.798,57.946,28.563,-80.577
47.673,607.126,17.804,57.956,28.563,-80.577
47.675,606.745,17.81,57.967,28.563,-80.577
47.678,606.364,17.816,57.978,28.563,-80.577
47.68,605.984,17.823,57.989,28.563,-80.577
47.683,605.603,17.829,58,28.563,-80.577
47.685,605.222,17.835,58.011,28.563,-80.577
47.688,604.841,17.841,58.022,28.563,-80.577
47.69,604.46,17.847,58.033,28.563,-80.577
47.693,604.079,17.853,58.044,28.563,-80.577
47.695,603.698,17.859,58.055,28.563,-80.577
47.698,603.317,17.866,58.065,28.563,-80.577
47.7,602.933,17.872,58.076,28.563,-80.577
47.703,602.524,17.879,58.088,28.563,-80.577
47.706,602.081,17.886,58.101,28.563,-80.577
47.709,601.588,17.894,58.115,28.563,-80.577
47.713,601.021,17.903,58.132,28.563,-80.577
47.717,600.326,17.914,58.152,28.563,-80.577
47.724,599.393,17.93,58.178,28.563,-80.577
47.733,597.993,17.952,58.219,28.563,-80.577
47.746,595.892,17.987,58.279,28.563,-80.577
47.751,595.231,17.997,58.299,28.563,-80.577
47.754,594.686,18.006,58.314,28.563,-80.577
47.758,594.201,18.014,58.328,28.563,-80.577
47.76,593.756,18.021,58.341,28.563,-80.577
47.763,593.337,18.028,58.353,28.563,-80.577
47.766,592.938,18.034,58.365,28.563,-80.577
47.768,592.556,18.041,58.376,28.563,-80.577
47.771,592.174,18.047,58.386,28.563,-80.577
47.773,591.792,18.053,58.397,28.563,-80.577
47.776,591.41,18.059,58.408,28.563,-80.577
47.778,591.028,18.065,58.419,28.563,-80.577
47.781,590.646,18.071,58.43,28.563,-80.577
47.783,590.264,18.078,58.441,28.563,-80.577
47.786,589.882,18.084,58.452,28.563,-80.577
47.788,589.5,18.09,58.463,28.563,-80.577
47.791,589.118,18.096,58.474,28.563,-80.577
47.793,588.736,18.102,58.485,28.563,-80.577
47.796,588.348,18.108,58.496,28.563,-80.577
47.799,587.942,18.115,58.507,28.563,-80.577
47.801,587.509,18.122,58.52,28.563,-80.577
47.804,587.038,18.129,58.533,28.563,-80.577
47.808,586.512,18.138,58.548,28.563,-80.577
47.812,585.902,18.148,58.566,28.563,-80.577
47.817,585.141,18.16,58.587,28.563,-80.577
47.824,584.06,18.177,58.618,28.563,-80.577
47.834,582.439,18.203,58.664,28.563,-80.577
47.845,580.85,18.228,58.709,28.563,-80.577
47.849,580.168,18.239,58.728,28.563,-80.577
47.853,579.605,18.248,58.744,28.563,-80.577
47.856,579.098,18.257,58.759,28.563,-80.577
47.859,578.626,18.264,58.772,28.563,-80.577
47.862,578.182,18.271,58.785,28.563,-80.577
47.865,577.754,18.278,58.797,28.563,-80.577
47.868,577.339,18.285,58.809,28.563,-80.577
47.87,576.934,18.291,58.82,28.563,-80.577
47.873,576.534,18.298,58.832,28.563,-80.577
47.876,576.14,18.304,58.843,28.563,-80.577
47.878,575.746,18.311,58.854,28.563,-80.577
47.881,575.353,18.317,58.866,28.563,-80.577
47.883,574.955,18.324,58.877,28.563,-80.577
47.886,574.548,18.33,58.889,28.563,-80.577
47.889,574.131,18.337,58.901,28.563,-80.577
47.892,573.696,18.344,58.913,28.563,-80.577
47.895,573.238,18.351,58.926,28.563,-80.577
47.898,572.748,18.359,58.94,28.563,-80.577
47.901,572.213,18.368,58.956,28.563,-80.577
47.905,571.614,18.378,58.973,28.563,-80.577
47.91,570.905,18.389,58.993,28.563,-80.577
47.916,570,18.404,59.019,28.563,-80.577
47.925,568.643,18.426,59.058,28.563,-80.577
47.938,566.606,18.459,59.117,28.563,-80.577
47.945,565.488,18.478,59.149,28.563,-80.577
47.95,564.751,18.49,59.17,28.563,-80.577
47.954,564.136,18.5,59.188,28.563,-80.577
47.957,563.586,18.509,59.204,28.563,-80.577
47.961,563.077,18.517,59.218,28.563,-80.577
47.964,562.599,18.525,59.232,28.563,-80.577
47.967,562.137,18.532,59.245,28.563,-80.577
47.97,561.688,18.539,59.258,28.563,-80.577
47.973,561.252,18.546,59.271,28.563,-80.577
47.975,560.82,18.553,59.283,28.563,-80.577
47.978,560.393,18.56,59.295,28.563,-80.577
47.981,559.961,18.567,59.308,28.563,-80.577
47.984,559.524,18.574,59.32,28.563,-80.577
47.987,559.077,18.581,59.333,28.563,-80.577
47.99,558.613,18.589,59.346,28.563,-80.577
47.993,558.128,18.597,59.36,28.563,-80.577
47.996,557.611,18.605,59.375,28.563,-80.577
48,557.047,18.614,59.391,28.563,-80.577
48.004,556.416,18.624,59.409,28.563,-80.577
48.009,555.657,18.636,59.43,28.563,-80.577
48.016,554.66,18.652,59.459,28.563,-80.577
48.025,553.164,18.676,59.501,28.563,-80.577
48.04,550.976,18.712,59.563,28.563,-80.577
48.045,550.07,18.726,59.589,28.563,-80.577
48.05,549.374,18.737,59.609,28.563,-80.577
48.054,548.774,18.747,59.626,28.563,-80.577
48.057,548.224,18.756,59.642,28.563,-80.577
48.061,547.704,18.764,59.656,28.563,-80.577
48.064,547.207,18.772,59.671,28.563,-80.577
48.067,546.721,18.78,59.684,28.563,-80.577
48.07,546.244,18.788,59.698,28.563,-80.577
48.073,545.774,18.796,59.711,28.563,-80.577
48.076,545.299,18.803,59.725,28.563,-80.577
48.08,544.821,18.811,59.739,28.563,-80.577
48.083,544.333,18.819,59.753,28.563,-80.577
48.086,543.827,18.827,59.767,28.563,-80.577
48.089,543.294,18.836,59.782,28.563,-80.577
48.093,542.72,18.845,59.799,28.563,-80.577
48.097,542.089,18.856,59.817,28.563,-80.577
48.102,541.361,18.867,59.838,28.563,-80.577
48.108,540.47,18.882,59.863,28.563,-80.577
48.115,539.273,18.901,59.898,28.563,-80.577
48.127,537.479,18.931,59.949,28.563,-80.577
48.138,535.732,18.959,59.999,28.563,-80.577
48.146,534.612,18.977,60.032,28.563,-80.577
48.151,533.793,18.991,60.055,28.563,-80.577
48.156,533.089,19.002,60.075,28.563,-80.577
48.16,532.457,19.012,60.093,28.563,-80.577
48.163,531.872,19.022,60.11,28.563,-80.577
48.167,531.312,19.031,60.126,28.563,-80.577
48.171,530.77,19.04,60.142,28.563,-80.577
48.174,530.238,19.048,60.157,28.563,-80.577
48.177,529.71,19.057,60.172,28.563,-80.577
48.181,529.174,19.065,60.187,28.563,-80.577
48.184,528.627,19.074,60.203,28.563,-80.577
48.188,528.06,19.083,60.219,28.563,-80.577
48.192,527.462,19.093,60.236,28.563,-80.577
48.196,526.813,19.103,60.255,28.563,-80.577
48.201,526.082,19.115,60.275,28.563,-80.577
48.207,525.221,19.129,60.3,28.563,-80.577
48.214,524.089,19.147,60.332,28.563,-80.577
48.225,522.391,19.175,60.38,28.563,-80.577
48.238,520.415,19.207,60.437,28.563,-80.577
48.245,519.196,19.226,60.471,28.563,-80.577
48.251,518.353,19.24,60.495,28.563,-80.577
48.256,517.643,19.251,60.515,28.563,-80.577
48.26,516.996,19.262,60.534,28.563,-80.577
48.264,516.39,19.272,60.551,28.563,-80.577
48.267,515.81,19.281,60.568,28.563,-80.577
48.271,515.244,19.29,60.584,28.563,-80.577
48.275,514.681,19.299,60.6,28.563,-80.577
48.278,514.121,19.309,60.616,28.563,-80.577
48.282,513.549,19.318,60.632,28.563,-80.577
48.286,512.955,19.327,60.649,28.563,-80.577
48.29,512.331,19.338,60.667,28.563,-80.577
48.294,511.653,19.349,60.686,28.563,-80.577
48.299,510.892,19.361,60.708,28.563,-80.577
48.305,509.994,19.376,60.734,28.563,-80.577
48.312,508.899,19.394,60.765,28.563,-80.577
48.322,507.373,19.419,60.809,28.563,-80.577
48.337,505.085,19.456,60.875,28.563,-80.577
48.347,503.478,19.482,60.921,28.563,-80.577
48.355,502.277,19.501,60.955,28.563,-80.577
48.36,501.416,19.515,60.98,28.563,-80.577
48.365,500.696,19.527,61.001,28.563,-80.577
48.369,500.05,19.538,61.019,28.563,-80.577
48.373,499.45,19.547,61.036,28.563,-80.577
48.377,498.875,19.557,61.053,28.563,-80.577
48.38,498.316,19.566,61.069,28.563,-80.577
48.384,497.769,19.575,61.084,28.563,-80.577
48.387,497.222,19.583,61.1,28.563,-80.577
48.391,496.665,19.592,61.116,28.563,-80.577
48.394,496.094,19.602,61.132,28.563,-80.577
48.398,495.497,19.611,61.149,28.563,-80.577
48.402,494.856,19.622,61.167,28.563,-80.577
48.407,494.147,19.633,61.187,28.563,-80.577
48.412,493.311,19.647,61.211,28.563,-80.577
48.419,492.213,19.664,61.242,28.563,-80.577
48.43,490.566,19.691,61.289,28.563,-80.577
48.443,488.602,19.723,61.345,28.563,-80.577
48.45,487.382,19.742,61.38,28.563,-80.577
48.456,486.553,19.756,61.403,28.563,-80.577
48.46,485.854,19.767,61.423,28.563,-80.577
48.464,485.218,19.777,61.441,28.563,-80.577
48.468,484.626,19.787,61.458,28.563,-80.577
48.472,484.057,19.796,61.474,28.563,-80.577
48.475,483.505,19.805,61.49,28.563,-80.577
48.479,482.96,19.814,61.505,28.563,-80.577
48.482,482.414,19.823,61.521,28.563,-80.577
48.486,481.861,19.832,61.537,28.563,-80.577
48.49,481.29,19.841,61.553,28.563,-80.577
48.493,480.697,19.851,61.57,28.563,-80.577
48.498,480.057,19.862,61.588,28.563,-80.577
48.502,479.356,19.873,61.608,28.563,-80.577
48.507,478.546,19.886,61.632,28.563,-80.577
48.514,477.559,19.902,61.66,28.563,-80.577
48.523,476.152,19.925,61.7,28.563,-80.577
48.536,474.041,19.96,61.761,28.563,-80.577
48.546,472.483,19.985,61.806,28.563,-80.577
48.552,471.502,20.001,61.834,28.563,-80.577
48.557,470.721,20.014,61.856,28.563,-80.577
48.562,470.039,20.025,61.876,28.563,-80.577
48.566,469.412,20.035,61.894,28.563,-80.577
48.57,468.818,20.045,61.911,28.563,-80.577
48.573,468.243,20.054,61.927,28.563,-80.577
48.577,467.681,20.063,61.943,28.563,-80.577
48.58,467.123,20.072,61.959,28.563,-80.577
48.584,466.557,20.081,61.975,28.563,-80.577
48.588,465.981,20.091,61.992,28.563,-80.577
48.592,465.379,20.101,62.009,28.563,-80.577
48.596,464.739,20.111,62.027,28.563,-80.577
48.6,464.035,20.122,62.047,28.563,-80.577
48.605,463.235,20.135,62.07,28.563,-80.577
48.612,462.248,20.151,62.098,28.563,-80.577
48.621,460.812,20.174,62.139,28.563,-80.577
48.635,458.657,20.209,62.2,28.563,-80.577
48.644,457.135,20.234,62.243,28.563,-80.577
48.65,456.21,20.249,62.269,28.563,-80.577
48.655,455.447,20.261,62.291,28.563,-80.577
48.66,454.763,20.273,62.311,28.563,-80.577
48.664,454.117,20.283,62.329,28.563,-80.577
48.668,453.496,20.293,62.347,28.563,-80.577
48.672,452.887,20.303,62.364,28.563,-80.577
48.675,452.281,20.313,62.381,28.563,-80.577
48.679,451.667,20.323,62.399,28.563,-80.577
48.683,451.035,20.333,62.417,28.563,-80.577
48.688,450.373,20.344,62.436,28.563,-80.577
48.692,449.657,20.356,62.456,28.563,-80.577
48.697,448.86,20.369,62.479,28.563,-80.577
48.703,447.912,20.384,62.506,28.563,-80.577
48.711,446.672,20.405,62.542,28.563,-80.577
48.723,444.813,20.435,62.595,28.563,-80.577
48.735,442.969,20.465,62.648,28.563,-80.577
48.744,441.469,20.49,62.691,28.563,-80.577
48.75,440.518,20.505,62.718,28.563,-80.577
48.756,439.709,20.518,62.742,28.563,-80.577
48.76,438.979,20.53,62.762,28.563,-80.577
48.765,438.293,20.541,62.782,28.563,-80.577
48.769,437.633,20.552,62.801,28.563,-80.577
48.773,436.981,20.563,62.82,28.563,-80.577
48.777,436.327,20.573,62.838,28.563,-80.577
48.781,435.659,20.584,62.857,28.563,-80.577
48.786,434.956,20.596,62.877,28.563,-80.577
48.791,434.193,20.608,62.899,28.563,-80.577
48.796,433.341,20.622,62.923,28.563,-80.577
48.803,432.322,20.638,62.952,28.563,-80.577
48.811,430.947,20.661,62.991,28.563,-80.577
48.825,428.884,20.694,63.05,28.563,-80.577
48.836,427.148,20.722,63.099,28.563,-80.577
48.844,425.79,20.744,63.138,28.563,-80.577
48.85,424.832,20.76,63.165,28.563,-80.577
48.856,424.007,20.774,63.189,28.563,-80.577
48.86,423.256,20.786,63.21,28.563,-80.577
48.865,422.552,20.797,63.23,28.563,-80.577
48.869,421.866,20.808,63.25,28.563,-80.577
48.874,421.186,20.82,63.269,28.563,-80.577
48.878,420.504,20.831,63.289,28.563,-80.577
48.882,419.798,20.842,63.309,28.563,-80.577
48.887,419.043,20.855,63.331,28.563,-80.577
48.892,418.217,20.868,63.354,28.563,-80.577
48.899,417.255,20.884,63.382,28.563,-80.577
48.906,416.035,20.904,63.417,28.563,-80.577
48.918,414.204,20.934,63.469,28.563,-80.577
48.93,412.312,20.965,63.524,28.563,-80.577
48.94,410.679,20.991,63.57,28.563,-80.577
48.946,409.709,21.007,63.598,28.563,-80.577
48.952,408.884,21.021,63.622,28.563,-80.577
48.956,408.133,21.033,63.643,28.563,-80.577
48.961,407.424,21.045,63.664,28.563,-80.577
48.965,406.744,21.056,63.683,28.563,-80.577
48.97,406.068,21.067,63.702,28.563,-80.577
48.974,405.382,21.078,63.722,28.563,-80.577
48.978,404.677,21.089,63.742,28.563,-80.577
48.983,403.93,21.101,63.763,28.563,-80.577
48.988,403.111,21.115,63.787,28.563,-80.577
48.994,402.163,21.13,63.814,28.563,-80.577
49.002,400.957,21.15,63.848,28.563,-80.577
49.013,399.148,21.179,63.899,28.563,-80.577
49.026,397.205,21.211,63.955,28.563,-80.577
49.036,395.601,21.237,64,28.563,-80.577
49.042,394.628,21.253,64.028,28.563,-80.577
49.047,393.811,21.266,64.051,28.563,-80.577
49.052,393.071,21.278,64.072,28.563,-80.577
49.056,392.358,21.29,64.093,28.563,-80.577
49.061,391.658,21.301,64.113,28.563,-80.577
49.065,390.953,21.313,64.133,28.563,-80.577
49.07,390.222,21.325,64.154,28.563,-80.577
49.075,389.45,21.337,64.176,28.563,-80.577
49.08,388.594,21.351,64.2,28.563,-80.577
49.087,387.597,21.368,64.229,28.563,-80.577
49.095,386.304,21.389,64.266,28.563,-80.577
49.107,384.365,21.421,64.321,28.563,-80.577
49.119,382.506,21.451,64.374,28.563,-80.577
49.129,380.822,21.479,64.423,28.563,-80.577
49.137,379.615,21.498,64.457,28.563,-80.577
49.143,378.613,21.515,64.486,28.563,-80.577
49.149,377.715,21.529,64.511,28.563,-80.577
49.155,376.845,21.543,64.536,28.563,-80.577
49.16,375.989,21.557,64.561,28.563,-80.577
49.165,375.114,21.572,64.586,28.563,-80.577
49.171,374.182,21.587,64.612,28.563,-80.577
49.178,373.146,21.604,64.642,28.563,-80.577
49.186,371.906,21.624,64.677,28.563,-80.577
49.197,370.161,21.652,64.727,28.563,-80.577
49.21,368.016,21.687,64.788,28.563,-80.577
49.222,366.219,21.716,64.839,28.563,-80.577
49.232,364.483,21.745,64.888,28.563,-80.577
49.241,363.208,21.765,64.924,28.563,-80.577
49.248,362.072,21.784,64.957,28.563,-80.577
49.255,360.976,21.802,64.988,28.563,-80.577
49.261,359.921,21.819,65.018,28.563,-80.577
49.268,358.884,21.836,65.048,28.563,-80.577
49.274,357.83,21.853,65.078,28.563,-80.577
49.282,356.672,21.872,65.111,28.563,-80.577
49.29,355.317,21.895,65.15,28.563,-80.577
49.302,353.439,21.925,65.203,28.563,-80.577
49.316,351.206,21.962,65.267,28.563,-80.577
49.329,349.104,21.996,65.327,28.563,-80.577
49.338,347.661,22.02,65.368,28.563,-80.577
49.345,346.545,22.038,65.4,28.563,-80.577
49.352,345.53,22.054,65.429,28.563,-80.577
49.358,344.572,22.07,65.457,28.563,-80.577
49.364,343.621,22.085,65.484,28.563,-80.577
49.37,342.639,22.101,65.512,28.563,-80.577
49.377,341.588,22.118,65.542,28.563,-80.577
49.384,340.379,22.138,65.576,28.563,-80.577
49.394,338.825,22.163,65.62,28.563,-80.577
49.409,336.494,22.201,65.686,28.563,-80.577
49.423,334.237,22.238,65.75,28.563,-80.577
49.433,332.629,22.264,65.796,28.563,-80.577
49.44,331.472,22.283,65.829,28.563,-80.577
49.446,330.474,22.3,65.857,28.563,-80.577
49.452,329.524,22.315,65.884,28.563,-80.577
49.458,328.597,22.33,65.911,28.563,-80.577
49.464,327.652,22.346,65.938,28.563,-80.577
49.47,326.644,22.362,65.967,28.563,-80.577
49.477,325.511,22.381,65.999,28.563,-80.577
49.486,324.112,22.404,66.039,28.563,-80.577
49.499,322.012,22.438,66.099,28.563,-80.577
49.514,319.673,22.476,66.166,28.563,-80.577
49.527,317.574,22.51,66.225,28.563,-80.577
49.535,316.383,22.53,66.259,28.563,-80.577
49.541,315.354,22.547,66.289,28.563,-80.577
49.547,314.388,22.562,66.316,28.563,-80.577
49.553,313.429,22.578,66.344,28.563,-80.577
49.559,312.472,22.594,66.371,28.563,-80.577
49.565,311.463,22.61,66.4,28.563,-80.577
49.572,310.374,22.628,66.431,28.563,-80.577
49.58,309.073,22.649,66.467,28.563,-80.577
49.591,307.278,22.678,66.518,28.563,-80.577
49.608,304.699,22.72,66.592,28.563,-80.577
49.624,302.138,22.762,66.664,28.563,-80.577
49.63,301.04,22.78,66.696,28.563,-80.577
49.636,300.098,22.795,66.722,28.563,-80.577
49.642,299.221,22.81,66.747,28.563,-80.577
49.647,298.366,22.824,66.772,28.563,-80.577
49.652,297.516,22.837,66.796,28.563,-80.577
49.658,296.634,22.852,66.821,28.563,-80.577
49.664,295.66,22.868,66.849,28.563,-80.577
49.671,294.501,22.887,66.882,28.563,-80.577
49.681,292.953,22.912,66.926,28.563,-80.577
49.695,290.63,22.95,66.992,28.563,-80.577
49.709,288.396,22.987,67.056,28.563,-80.577
49.717,287.149,23.007,67.092,28.563,-80.577
49.723,286.176,23.023,67.119,28.563,-80.577
49.729,285.298,23.037,67.144,28.563,-80.577
49.734,284.477,23.05,67.168,28.563,-80.577
49.739,283.677,23.063,67.191,28.563,-80.577
49.744,282.874,23.076,67.213,28.563,-80.577
49.749,282.043,23.09,67.237,28.563,-80.577
49.754,281.143,23.105,67.263,28.563,-80.577
49.761,280.135,23.121,67.291,28.563,-80.577
49.769,278.883,23.141,67.327,28.563,-80.577
49.78,277.004,23.172,67.38,28.563,-80.577
49.795,274.61,23.211,67.448,28.563,-80.577
49.806,272.79,23.241,67.499,28.563,-80.577
49.813,271.747,23.258,67.529,28.563,-80.577
49.818,270.861,23.272,67.554,28.563,-80.577
49.823,270.055,23.285,67.577,28.563,-80.577
49.828,269.285,23.298,67.599,28.563,-80.577
49.833,268.524,23.31,67.621,28.563,-80.577
49.838,267.759,23.323,67.642,28.563,-80.577
49.843,266.966,23.336,67.665,28.563,-80.577
49.848,266.123,23.35,67.689,28.563,-80.577
49.854,265.184,23.365,67.716,28.563,-80.577
49.861,264.042,23.384,67.748,28.563,-80.577
49.871,262.428,23.41,67.794,28.563,-80.577
49.886,260.007,23.45,67.864,28.563,-80.577
49.899,257.889,23.484,67.924,28.563,-80.577
49.906,256.848,23.501,67.954,28.563,-80.577
49.911,255.958,23.516,67.979,28.563,-80.577
49.916,255.128,23.529,68.003,28.563,-80.577
49.921,254.334,23.542,68.025,28.563,-80.577
49.926,253.54,23.555,68.048,28.563,-80.577
49.931,252.731,23.568,68.071,28.563,-80.577
49.936,251.881,23.582,68.095,28.563,-80.577
49.942,250.959,23.597,68.121,28.563,-80.577
49.949,249.891,23.614,68.151,28.563,-80.577
49.957,248.505,23.637,68.191,28.563,-80.577
49.97,246.425,23.671,68.25,28.563,-80.577
49.984,244.2,23.707,68.313,28.563,-80.577
49.994,242.644,23.733,68.357,28.563,-80.577
50,241.591,23.75,68.387,28.563,-80.577
50.006,240.675,23.765,68.413,28.563,-80.577
50.011,239.79,23.779,68.438,28.563,-80.577
50.017,238.899,23.794,68.463,28.563,-80.577
50.022,237.973,23.809,68.489,28.563,-80.577
50.029,236.971,23.825,68.518,28.563,-80.577
50.036,235.819,23.844,68.551,28.563,-80.577
50.045,234.342,23.868,68.593,28.563,-80.577
50.059,232.126,23.905,68.656,28.563,-80.577
50.072,229.977,23.94,68.717,28.563,-80.577
50.086,227.786,23.975,68.78,28.563,-80.577
50.094,226.479,23.997,68.817,28.563,-80.577
50.101,225.343,24.015,68.849,28.563,-80.577
50.107,224.266,24.033,68.88,28.563,-80.577
50.114,223.207,24.05,68.91,28.563,-80.577
50.121,222.089,24.068,68.942,28.563,-80.577
50.128,220.842,24.088,68.977,28.563,-80.577
50.138,219.303,24.113,69.021,28.563,-80.577
50.152,216.993,24.151,69.086,28.563,-80.577
50.166,214.818,24.186,69.148,28.563,-80.577
50.18,212.549,24.224,69.212,28.563,-80.577
50.188,211.246,24.245,69.249,28.563,-80.577
50.195,210.095,24.264,69.282,28.563,-80.577
50.202,208.998,24.282,69.313,28.563,-80.577
50.208,207.907,24.299,69.344,28.563,-80.577
50.216,206.71,24.319,69.378,28.563,-80.577
50.224,205.31,24.342,69.418,28.563,-80.577
50.236,203.356,24.374,69.473,28.563,-80.577
50.251,201.037,24.412,69.539,28.563,-80.577
50.264,198.876,24.447,69.601,28.563,-80.577
50.275,197.07,24.476,69.652,28.563,-80.577
50.284,195.651,24.499,69.692,28.563,-80.577
50.292,194.316,24.521,69.73,28.563,-80.577
50.3,192.966,24.543,69.768,28.563,-80.577
50.309,191.473,24.567,69.811,28.563,-80.577
50.321,189.652,24.597,69.862,28.563,-80.577
50.337,186.927,24.641,69.939,28.563,-80.577
50.351,184.715,24.677,70.002,28.563,-80.577
50.366,182.224,24.718,70.073,28.563,-80.577
50.376,180.687,24.743,70.116,28.563,-80.577
50.38,180.037,24.754,70.135,28.563,-80.577
50.386,179.061,24.77,70.162,28.563,-80.577
50.394,177.744,24.791,70.2,28.563,-80.577
50.403,176.331,24.814,70.24,28.563,-80.577
50.413,174.605,24.842,70.289,28.563,-80.577
50.429,172.023,24.885,70.363,28.563,-80.577
50.443,169.714,24.923,70.429,28.563,-80.577
50.459,167.257,24.964,70.501,28.563,-80.577
50.468,165.806,24.989,70.543,28.563,-80.577
50.476,164.561,25.01,70.58,28.563,-80.577
50.484,163.351,25.03,70.616,28.563,-80.577
50.491,162.117,25.052,70.653,28.563,-80.577
50.5,160.738,25.075,70.695,28.563,-80.577
50.511,158.985,25.106,70.748,28.563,-80.577
50.528,156.374,25.151,70.828,28.563,-80.577
50.543,154.128,25.191,70.897,28.563,-80.577
50.555,152.251,25.224,70.956,28.563,-80.577
50.564,150.927,25.248,70.997,28.563,-80.577
50.572,149.714,25.269,71.036,28.563,-80.577
50.58,148.53,25.291,71.073,28.563,-80.577
50.588,147.304,25.313,71.112,28.563,-80.577
50.598,145.917,25.338,71.157,28.563,-80.577
50.61,144.142,25.371,71.214,28.563,-80.577
50.628,141.54,25.419,71.299,28.563,-80.577
50.643,139.341,25.46,71.372,28.563,-80.577
50.655,137.56,25.494,71.431,28.563,-80.577
50.664,136.237,25.519,71.475,28.563,-80.577
50.673,135.028,25.542,71.516,28.563,-80.577
50.681,133.835,25.565,71.557,28.563,-80.577
50.69,132.563,25.59,71.601,28.563,-80.577
50.701,131.106,25.619,71.651,28.563,-80.577
50.715,129.158,25.657,71.719,28.563,-80.577
50.733,126.602,25.708,71.81,28.563,-80.577
50.75,124.346,25.753,71.891,28.563,-80.577
50.764,122.434,25.792,71.96,28.563,-80.577
50.775,121.033,25.82,72.011,28.563,-80.577
50.784,119.772,25.846,72.057,28.563,-80.577
50.793,118.516,25.872,72.104,28.563,-80.577
50.804,117.171,25.9,72.154,28.563,-80.577
50.816,115.598,25.933,72.212,28.563,-80.577
50.833,113.413,25.979,72.295,28.563,-80.577
50.851,111.046,26.03,72.386,28.563,-80.577
50.87,108.7,26.081,72.477,28.563,-80.577
50.883,107.017,26.118,72.543,28.563,-80.577
50.893,105.732,26.147,72.594,28.563,-80.577
50.903,104.554,26.173,72.641,28.563,-80.577
50.913,103.385,26.2,72.689,28.563,-80.577
50.923,102.127,26.228,72.74,28.563,-80.577
50.936,100.593,26.264,72.803,28.563,-80.577
50.949,99.044,26.3,72.867,28.563,-80.577
50.963,97.285,26.341,72.941,28.563,-80.577
50.983,94.931,26.397,73.042,28.563,-80.577
50.996,93.473,26.432,73.105,28.563,-80.577
51.005,92.402,26.458,73.151,28.563,-80.577
51.014,91.426,26.482,73.194,28.563,-80.577
51.023,90.397,26.508,73.239,28.563,-80.577
51.034,89.175,26.539,73.293,28.563,-80.577
51.048,87.639,26.578,73.362,28.563,-80.577
51.059,86.383,26.611,73.418,28.563,-80.577
51.07,85.218,26.641,73.471,28.563,-80.577
51.08,84.06,26.672,73.524,28.563,-80.577
51.092,82.831,26.705,73.581,28.563,-80.577
51.103,81.625,26.738,73.637,28.563,-80.577
51.113,80.554,26.767,73.687,28.563,-80.577
51.124,79.353,26.801,73.744,28.563,-80.577
51.139,77.869,26.842,73.815,28.563,-80.577
51.16,75.674,26.905,73.922,28.563,-80.577
51.172,74.478,26.94,73.981,28.563,-80.577
51.181,73.508,26.968,74.029,28.563,-80.577
51.19,72.628,26.994,74.073,28.563,-80.577
51.199,71.79,27.018,74.116,28.563,-80.577
51.207,70.961,27.043,74.158,28.563,-80.577
51.216,70.045,27.07,74.205,28.563,-80.577
51.228,68.958,27.103,74.261,28.563,-80.577
51.243,67.482,27.147,74.338,28.563,-80.577
51.266,65.303,27.215,74.453,28.563,-80.577
51.3,62.111,27.316,74.627,28.563,-80.577
51.313,60.994,27.353,74.688,28.563,-80.577
51.324,60.022,27.386,74.743,28.563,-80.577
51.334,59.113,27.416,74.794,28.563,-80.577
51.344,58.22,27.447,74.845,28.563,-80.577
51.355,57.307,27.479,74.898,28.563,-80.577
51.366,56.333,27.513,74.954,28.563,-80.577
51.379,55.219,27.553,75.02,28.563,-80.577
51.396,53.81,27.605,75.104,28.563,-80.577
51.421,51.736,27.683,75.229,28.563,-80.577
51.458,48.714,27.799,75.416,28.563,-80.577
51.476,47.338,27.853,75.503,28.563,-80.577
51.49,46.227,27.896,75.574,28.563,-80.577
51.504,45.172,27.938,75.642,28.563,-80.577
51.518,44.117,27.98,75.711,28.563,-80.577
51.533,43.033,28.023,75.782,28.563,-80.577
51.548,41.889,28.069,75.858,28.563,-80.577
51.566,40.625,28.12,75.943,28.563,-80.577
51.584,39.325,28.173,76.031,28.563,-80.577
51.599,38.307,28.215,76.1,28.563,-80.577
51.613,37.391,28.254,76.164,28.563,-80.577
51.626,36.486,28.292,76.227,28.563,-80.577
51.642,35.403,28.338,76.303,28.563,-80.577
51.666,33.895,28.404,76.412,28.563,-80.577
51.701,31.705,28.504,76.573,28.563,-80.577
51.717,30.711,28.552,76.649,28.563,-80.577
51.731,29.873,28.593,76.714,28.563,-80.577
51.744,29.099,28.632,76.775,28.563,-80.577
51.756,28.404,28.669,76.831,28.563,-80.577
51.767,27.801,28.701,76.88,28.563,-80.577
51.776,27.261,28.73,76.925,28.563,-80.577
51.785,26.762,28.757,76.967,28.563,-80.577
51.794,26.27,28.785,77.009,28.563,-80.577
51.804,25.743,28.815,77.054,28.563,-80.577
51.814,25.157,28.849,77.105,28.563,-80.577
51.827,24.466,28.89,77.167,28.563,-80.577
51.844,23.584,28.943,77.247,28.563,-80.577
51.87,22.296,29.024,77.368,28.563,-80.577
51.907,20.44,29.145,77.549,28.563,-80.577
51.937,19.056,29.238,77.691,28.563,-80.577
51.959,18.072,29.305,77.794,28.563,-80.577
51.979,17.181,29.367,77.889,28.563,-80.577
51.998,16.351,29.425,77.98,28.563,-80.577
52.018,15.545,29.482,78.07,28.563,-80.577
52.038,14.728,29.54,78.163,28.563,-80.577
52.059,13.899,29.599,78.259,28.563,-80.577
52.082,13.05,29.661,78.359,28.563,-80.577
52.107,12.143,29.728,78.469,28.563,-80.577
52.137,11.071,29.809,78.602,28.563,-80.577
52.184,9.565,29.928,78.797,28.563,-80.577
52.234,8.068,30.055,79.003,28.563,-80.577
52.284,6.707,30.185,79.205,28.563,-80.577
52.33,5.573,30.307,79.387,28.563,-80.577
52.369,4.689,30.416,79.542,28.563,-80.577
52.408,3.893,30.527,79.695,28.563,-80.577
52.448,3.169,30.644,79.848,28.563,-80.577
52.484,2.57,30.756,79.99,28.563,-80.577
52.526,1.963,30.889,80.151,28.563,-80.577
52.576,1.348,31.052,80.342,28.563,-80.577
52.626,0.852,31.219,80.531,28.563,-80.577
52.676,0.473,31.389,80.717,28.563,-80.577
52.726,0.208,31.558,80.898,28.563,-80.577
52.776,0.052,31.725,81.074,28.563,-80.577
52.826,-0.002,31.887,81.243,28.563,-80.577
52.827,0,31.887,81.243,28.563,-80.577
53.973,0,31.887,81.243,28.563,-80.577
