Time,Altitude,Position East of launch,Position North of launch
0.000000000,0.000000000,0.000000000,0.000000000
0.010000000,0.000665400,0.000038620,0.000057190
0.020000000,0.006000000,0.000305100,0.000452000
0.032000000,0.028000000,0.001000000,0.002000000
0.042000000,0.064000000,0.003000000,0.004000000
0.052000000,0.119000000,0.005000000,0.007000000
0.062000000,0.190000000,0.008000000,0.011000000
0.072000000,0.278000000,0.011000000,0.017000000
0.082000000,0.382000000,0.015000000,0.023000000
0.092000000,0.502000000,0.020000000,0.029000000
0.102000000,0.638000000,0.025000000,0.037000000
0.110000000,0.757000000,0.030000000,0.044000000
0.120000000,0.920000000,0.036000000,0.053000000
0.130000000,1.097000000,0.043000000,0.063000000
0.140000000,1.288000000,0.050000000,0.074000000
0.150000000,1.493000000,0.058000000,0.086000000
0.161000000,1.735000000,0.067000000,0.099000000
0.171000000,1.970000000,0.076000000,0.113000000
0.181000000,2.219000000,0.086000000,0.127000000
0.191000000,2.482000000,0.096000000,0.142000000
0.201000000,2.759000000,0.106000000,0.157000000
0.211000000,3.049000000,0.117000000,0.174000000
0.221000000,3.353000000,0.129000000,0.191000000
0.231000000,3.670000000,0.141000000,0.209000000
0.241000000,4.001000000,0.153000000,0.227000000
0.251000000,4.346000000,0.166000000,0.247000000
0.261000000,4.704000000,0.180000000,0.267000000
0.267000000,4.925000000,0.188000000,0.279000000
0.276000000,5.266000000,0.201000000,0.299000000
0.286000000,5.657000000,0.216000000,0.321000000
0.296000000,6.062000000,0.232000000,0.343000000
0.311000000,6.693000000,0.256000000,0.379000000
0.333000000,7.696000000,0.295000000,0.438000000
0.351000000,8.522000000,0.328000000,0.487000000
0.373000000,9.593000000,0.372000000,0.551000000
0.394000000,10.744000000,0.420000000,0.622000000
0.418000000,12.027000000,0.473000000,0.700000000
0.444000000,13.577000000,0.537000000,0.795000000
0.482000000,15.959000000,0.632000000,0.936000000
0.512000000,17.931000000,0.707000000,1.048000000
0.556000000,21.080000000,0.817000000,1.212000000
0.578000000,22.692000000,0.868000000,1.287000000
0.595000000,23.964000000,0.905000000,1.343000000
0.610000000,25.125000000,0.936000000,1.390000000
0.624000000,26.248000000,0.964000000,1.433000000
0.638000000,27.395000000,0.991000000,1.474000000
0.652000000,28.619000000,1.018000000,1.515000000
0.668000000,29.934000000,1.045000000,1.556000000
0.682000000,31.156000000,1.068000000,1.591000000
0.700000000,32.761000000,1.095000000,1.634000000
0.723000000,34.803000000,1.127000000,1.684000000
0.757000000,37.967000000,1.171000000,1.754000000
0.807000000,42.850000000,1.233000000,1.852000000
0.831000000,45.357000000,1.263000000,1.901000000
0.856000000,47.920000000,1.294000000,1.951000000
0.877000000,50.143000000,1.321000000,1.994000000
0.892000000,51.742000000,1.341000000,2.026000000
0.905000000,53.185000000,1.360000000,2.056000000
0.919000000,54.771000000,1.380000000,2.088000000
0.936000000,56.638000000,1.404000000,2.126000000
0.957000000,59.133000000,1.436000000,2.177000000
0.990000000,62.967000000,1.484000000,2.253000000
1.024000000,67.063000000,1.529000000,2.326000000
1.040000000,68.995000000,1.548000000,2.357000000
1.053000000,70.722000000,1.563000000,2.383000000
1.067000000,72.392000000,1.577000000,2.406000000
1.080000000,74.075000000,1.589000000,2.427000000
1.093000000,75.830000000,1.601000000,2.448000000
1.109000000,77.833000000,1.613000000,2.469000000
1.129000000,80.451000000,1.627000000,2.494000000
1.158000000,84.452000000,1.645000000,2.529000000
1.182000000,87.749000000,1.660000000,2.557000000
1.194000000,89.448000000,1.668000000,2.572000000
1.205000000,90.958000000,1.675000000,2.585000000
1.216000000,92.420000000,1.683000000,2.599000000
1.226000000,93.939000000,1.691000000,2.613000000
1.239000000,95.705000000,1.700000000,2.630000000
1.254000000,97.996000000,1.712000000,2.653000000
1.278000000,101.478000000,1.731000000,2.686000000
1.314000000,106.805000000,1.755000000,2.732000000
1.318000000,107.459000000,1.757000000,2.737000000
1.324000000,108.444000000,1.761000000,2.745000000
1.334000000,109.929000000,1.765000000,2.755000000
1.347000000,111.921000000,1.770000000,2.768000000
1.361000000,114.085000000,1.774000000,2.780000000
1.375000000,116.234000000,1.777000000,2.791000000
1.390000000,118.609000000,1.780000000,2.801000000
1.409000000,121.707000000,1.782000000,2.811000000
1.439000000,126.409000000,1.786000000,2.824000000
1.455000000,129.136000000,1.789000000,2.831000000
1.461000000,130.057000000,1.790000000,2.833000000
1.469000000,131.443000000,1.792000000,2.837000000
1.482000000,133.531000000,1.795000000,2.842000000
1.497000000,135.944000000,1.799000000,2.849000000
1.512000000,138.432000000,1.804000000,2.856000000
1.530000000,141.438000000,1.810000000,2.866000000
1.557000000,145.981000000,1.818000000,2.879000000
1.579000000,149.785000000,1.822000000,2.889000000
1.596000000,152.727000000,1.824000000,2.895000000
1.614000000,155.829000000,1.824000000,2.900000000
1.623000000,157.351000000,1.824000000,2.902000000
1.636000000,159.639000000,1.823000000,2.903000000
1.656000000,163.085000000,1.821000000,2.904000000
1.686000000,168.284000000,1.818000000,2.903000000
1.709000000,172.413000000,1.817000000,2.902000000
1.731000000,176.207000000,1.817000000,2.902000000
1.752000000,180.010000000,1.818000000,2.902000000
1.779000000,184.765000000,1.818000000,2.903000000
1.819000000,191.933000000,1.817000000,2.903000000
1.846000000,196.739000000,1.813000000,2.901000000
1.871000000,201.162000000,1.809000000,2.897000000
1.901000000,206.688000000,1.802000000,2.890000000
1.934000000,212.609000000,1.796000000,2.881000000
1.962000000,217.752000000,1.792000000,2.875000000
1.988000000,222.299000000,1.789000000,2.870000000
2.025000000,229.124000000,1.785000000,2.864000000
2.039000000,231.630000000,1.783000000,2.861000000
2.060000000,235.388000000,1.778000000,2.856000000
2.083000000,239.554000000,1.773000000,2.849000000
2.117000000,245.800000000,1.764000000,2.837000000
2.167000000,254.848000000,1.752000000,2.820000000
2.177000000,256.627000000,1.750000000,2.817000000
2.192000000,259.293000000,1.747000000,2.813000000
2.214000000,263.287000000,1.743000000,2.807000000
2.247000000,269.266000000,1.737000000,2.799000000
2.297000000,278.202000000,1.727000000,2.785000000
2.317000000,281.780000000,1.723000000,2.780000000
2.347000000,287.134000000,1.716000000,2.772000000
2.392000000,295.134000000,1.707000000,2.761000000
2.442000000,303.971000000,1.699000000,2.749000000
2.492000000,312.763000000,1.690000000,2.738000000
2.500000000,314.153000000,1.689000000,2.737000000
2.512000000,316.237000000,1.687000000,2.735000000
2.530000000,319.381000000,1.683000000,2.730000000
2.556000000,324.185000000,1.676000000,2.720000000
2.597000000,331.606000000,1.660000000,2.697000000
2.647000000,341.175000000,1.633000000,2.652000000
2.697000000,351.081000000,1.598000000,2.593000000
2.747000000,361.313000000,1.556000000,2.521000000
2.797000000,371.865000000,1.506000000,2.437000000
2.844000000,382.119000000,1.452000000,2.344000000
2.894000000,393.276000000,1.388000000,2.234000000
2.919000000,398.919000000,1.355000000,2.176000000
2.955000000,407.345000000,1.304000000,2.088000000
3.000000000,417.841000000,1.234000000,1.968000000
3.035000000,426.230000000,1.175000000,1.866000000
3.085000000,438.469000000,1.085000000,1.709000000
3.121000000,447.580000000,1.016000000,1.589000000
3.171000000,460.263000000,0.916000000,1.417000000
3.221000000,473.192000000,0.810000000,1.232000000
3.271000000,486.362000000,0.697000000,1.038000000
3.321000000,499.770000000,0.579000000,0.834000000
3.371000000,513.412000000,0.453000000,0.617000000
3.421000000,527.286000000,0.322000000,0.391000000
3.471000000,541.388000000,0.184000000,0.154000000
3.521000000,555.713000000,0.039000000,-0.095000000
3.564000000,568.263000000,-0.091000000,-0.318000000
3.588000000,575.235000000,-0.165000000,-0.445000000
3.610000000,581.805000000,-0.237000000,-0.568000000
3.639000000,590.373000000,-0.331000000,-0.728000000
3.652000000,594.391000000,-0.374000000,-0.803000000
3.673000000,600.446000000,-0.441000000,-0.916000000
3.685000000,604.096000000,-0.482000000,-0.986000000
3.695000000,607.084000000,-0.516000000,-1.043000000
3.707000000,610.816000000,-0.559000000,-1.117000000
3.725000000,616.435000000,-0.624000000,-1.228000000
3.736000000,619.857000000,-0.663000000,-1.295000000
3.746000000,622.783000000,-0.697000000,-1.352000000
3.758000000,626.446000000,-0.739000000,-1.424000000
3.776000000,631.962000000,-0.803000000,-1.531000000
3.789000000,636.180000000,-0.852000000,-1.615000000
3.800000000,639.623000000,-0.893000000,-1.685000000
3.817000000,644.717000000,-0.954000000,-1.789000000
3.841000000,652.395000000,-1.047000000,-1.945000000
3.854000000,656.446000000,-1.095000000,-2.028000000
3.873000000,662.542000000,-1.168000000,-2.152000000
3.891000000,668.308000000,-1.239000000,-2.271000000
3.906000000,672.882000000,-1.295000000,-2.366000000
3.927000000,679.762000000,-1.381000000,-2.511000000
3.942000000,684.300000000,-1.437000000,-2.606000000
3.957000000,689.258000000,-1.498000000,-2.710000000
3.980000000,696.712000000,-1.591000000,-2.866000000
3.992000000,700.414000000,-1.638000000,-2.945000000
4.008000000,705.568000000,-1.704000000,-3.057000000
4.032000000,713.313000000,-1.803000000,-3.223000000
4.043000000,717.069000000,-1.851000000,-3.303000000
4.061000000,722.708000000,-1.922000000,-3.423000000
4.082000000,729.549000000,-2.009000000,-3.570000000
4.094000000,733.615000000,-2.062000000,-3.658000000
4.113000000,739.718000000,-2.141000000,-3.792000000
4.129000000,744.776000000,-2.207000000,-3.902000000
4.141000000,748.717000000,-2.257000000,-3.987000000
4.159000000,754.630000000,-2.333000000,-4.114000000
4.172000000,759.052000000,-2.390000000,-4.211000000
4.181000000,761.755000000,-2.426000000,-4.270000000
4.190000000,764.909000000,-2.468000000,-4.340000000
4.205000000,769.640000000,-2.530000000,-4.445000000
4.221000000,775.012000000,-2.601000000,-4.564000000
4.229000000,777.528000000,-2.634000000,-4.619000000
4.238000000,780.426000000,-2.672000000,-4.682000000
4.251000000,784.773000000,-2.728000000,-4.776000000
4.271000000,791.290000000,-2.812000000,-4.917000000
4.283000000,795.088000000,-2.862000000,-5.001000000
4.301000000,800.781000000,-2.937000000,-5.127000000
4.327000000,809.312000000,-3.049000000,-5.314000000
4.344000000,815.037000000,-3.123000000,-5.439000000
4.371000000,823.612000000,-3.235000000,-5.626000000
4.386000000,828.410000000,-3.298000000,-5.731000000
4.408000000,835.596000000,-3.393000000,-5.890000000
4.431000000,842.984000000,-3.489000000,-6.052000000
4.449000000,848.930000000,-3.566000000,-6.181000000
4.477000000,857.826000000,-3.682000000,-6.374000000
4.500000000,865.142000000,-3.777000000,-6.534000000
4.534000000,876.078000000,-3.919000000,-6.773000000
4.584000000,891.937000000,-4.124000000,-7.116000000
4.634000000,907.681000000,-4.326000000,-7.455000000
4.684000000,923.297000000,-4.525000000,-7.788000000
4.717000000,933.309000000,-4.652000000,-8.001000000
4.765000000,948.214000000,-4.838000000,-8.315000000
4.805000000,960.487000000,-4.990000000,-8.571000000
4.855000000,975.614000000,-5.175000000,-8.884000000
4.905000000,990.598000000,-5.357000000,-9.191000000
4.955000000,1005.442000000,-5.534000000,-9.491000000
5.000000000,1018.605000000,-5.690000000,-9.754000000
5.050000000,1033.194000000,-5.860000000,-10.044000000
5.100000000,1047.653000000,-6.027000000,-10.329000000
5.150000000,1061.985000000,-6.191000000,-10.607000000
5.200000000,1076.195000000,-6.351000000,-10.881000000
5.250000000,1090.284000000,-6.507000000,-11.148000000
5.300000000,1104.256000000,-6.660000000,-11.412000000
5.350000000,1118.112000000,-6.811000000,-11.670000000
5.400000000,1131.857000000,-6.958000000,-11.924000000
5.450000000,1145.492000000,-7.101000000,-12.171000000
5.500000000,1159.018000000,-7.241000000,-12.415000000
5.550000000,1172.440000000,-7.379000000,-12.655000000
5.600000000,1185.757000000,-7.514000000,-12.889000000
5.650000000,1198.973000000,-7.646000000,-13.119000000
5.700000000,1212.089000000,-7.774000000,-13.345000000
5.750000000,1225.106000000,-7.900000000,-13.566000000
5.800000000,1238.028000000,-8.024000000,-13.783000000
5.850000000,1250.854000000,-8.145000000,-13.997000000
5.900000000,1263.587000000,-8.262000000,-14.205000000
5.950000000,1276.229000000,-8.378000000,-14.410000000
6.000000000,1288.779000000,-8.490000000,-14.611000000
6.050000000,1301.242000000,-8.600000000,-14.808000000
6.100000000,1313.616000000,-8.708000000,-15.001000000
6.150000000,1325.904000000,-8.813000000,-15.190000000
6.200000000,1338.107000000,-8.916000000,-15.375000000
6.250000000,1350.226000000,-9.015000000,-15.556000000
6.300000000,1362.262000000,-9.113000000,-15.735000000
6.350000000,1374.217000000,-9.209000000,-15.910000000
6.400000000,1386.091000000,-9.302000000,-16.080000000
6.450000000,1397.886000000,-9.393000000,-16.247000000
6.500000000,1409.602000000,-9.483000000,-16.413000000
6.550000000,1421.241000000,-9.570000000,-16.574000000
6.600000000,1432.803000000,-9.655000000,-16.731000000
6.650000000,1444.290000000,-9.738000000,-16.885000000
6.700000000,1455.703000000,-9.818000000,-17.036000000
6.750000000,1467.041000000,-9.897000000,-17.183000000
6.800000000,1478.307000000,-9.974000000,-17.328000000
6.850000000,1489.501000000,-10.048000000,-17.468000000
6.900000000,1500.624000000,-10.121000000,-17.606000000
6.950000000,1511.676000000,-10.192000000,-17.741000000
7.000000000,1522.659000000,-10.261000000,-17.874000000
7.050000000,1533.573000000,-10.329000000,-18.003000000
7.100000000,1544.419000000,-10.394000000,-18.130000000
7.150000000,1555.197000000,-10.458000000,-18.253000000
7.200000000,1565.909000000,-10.521000000,-18.374000000
7.250000000,1576.555000000,-10.582000000,-18.492000000
7.300000000,1587.136000000,-10.640000000,-18.606000000
7.350000000,1597.652000000,-10.697000000,-18.718000000
7.400000000,1608.103000000,-10.753000000,-18.828000000
7.450000000,1618.492000000,-10.808000000,-18.936000000
7.500000000,1628.817000000,-10.861000000,-19.040000000
7.550000000,1639.081000000,-10.912000000,-19.142000000
7.600000000,1649.283000000,-10.962000000,-19.241000000
7.650000000,1659.424000000,-11.010000000,-19.338000000
7.700000000,1669.504000000,-11.057000000,-19.432000000
7.750000000,1679.525000000,-11.103000000,-19.525000000
7.800000000,1689.486000000,-11.147000000,-19.614000000
7.850000000,1699.388000000,-11.188000000,-19.699000000
7.900000000,1709.233000000,-11.229000000,-19.782000000
7.950000000,1719.019000000,-11.269000000,-19.864000000
8.000000000,1728.748000000,-11.308000000,-19.944000000
8.050000000,1738.420000000,-11.345000000,-20.020000000
8.100000000,1748.036000000,-11.380000000,-20.093000000
8.141000000,1755.972000000,-11.409000000,-20.154000000
8.191000000,1765.485000000,-11.444000000,-20.226000000
8.241000000,1774.944000000,-11.476000000,-20.295000000
8.291000000,1784.348000000,-11.507000000,-20.360000000
8.341000000,1793.698000000,-11.538000000,-20.425000000
8.391000000,1802.994000000,-11.568000000,-20.488000000
8.441000000,1812.236000000,-11.596000000,-20.548000000
8.491000000,1821.426000000,-11.622000000,-20.604000000
8.541000000,1830.564000000,-11.647000000,-20.658000000
8.591000000,1839.649000000,-11.672000000,-20.712000000
8.641000000,1848.682000000,-11.696000000,-20.765000000
8.691000000,1857.664000000,-11.719000000,-20.814000000
8.741000000,1866.595000000,-11.741000000,-20.862000000
8.791000000,1875.476000000,-11.761000000,-20.907000000
8.841000000,1884.306000000,-11.781000000,-20.950000000
8.891000000,1893.086000000,-11.800000000,-20.993000000
8.941000000,1901.817000000,-11.819000000,-21.034000000
8.991000000,1910.498000000,-11.836000000,-21.073000000
9.041000000,1919.131000000,-11.851000000,-21.108000000
9.091000000,1927.715000000,-11.866000000,-21.140000000
9.141000000,1936.251000000,-11.880000000,-21.173000000
9.191000000,1944.739000000,-11.895000000,-21.207000000
9.241000000,1953.180000000,-11.909000000,-21.238000000
9.290000000,1961.327000000,-11.919000000,-21.264000000
9.329000000,1967.863000000,-11.926000000,-21.281000000
9.379000000,1976.174000000,-11.935000000,-21.301000000
9.408000000,1980.936000000,-11.940000000,-21.314000000
9.436000000,1985.588000000,-11.947000000,-21.329000000
9.478000000,1992.538000000,-11.956000000,-21.350000000
9.528000000,2000.712000000,-11.965000000,-21.372000000
9.560000000,2005.819000000,-11.969000000,-21.382000000
9.607000000,2013.446000000,-11.974000000,-21.394000000
9.652000000,2020.752000000,-11.979000000,-21.408000000
9.695000000,2027.604000000,-11.985000000,-21.422000000
9.745000000,2035.582000000,-11.991000000,-21.437000000
9.795000000,2043.515000000,-11.996000000,-21.449000000
9.845000000,2051.405000000,-11.999000000,-21.457000000
9.895000000,2059.251000000,-12.002000000,-21.465000000
9.945000000,2067.053000000,-12.005000000,-21.474000000
9.995000000,2074.812000000,-12.007000000,-21.480000000
10.045000000,2082.528000000,-12.008000000,-21.484000000
10.095000000,2090.201000000,-12.008000000,-21.485000000
10.145000000,2097.831000000,-12.007000000,-21.485000000
10.195000000,2105.419000000,-12.006000000,-21.485000000
10.245000000,2112.965000000,-12.005000000,-21.484000000
10.295000000,2120.469000000,-12.004000000,-21.481000000
10.345000000,2127.931000000,-12.001000000,-21.477000000
10.395000000,2135.352000000,-11.998000000,-21.471000000
10.445000000,2142.732000000,-11.994000000,-21.463000000
10.495000000,2150.070000000,-11.990000000,-21.455000000
10.545000000,2157.367000000,-11.985000000,-21.447000000
10.595000000,2164.624000000,-11.981000000,-21.437000000
10.645000000,2171.841000000,-11.975000000,-21.425000000
10.695000000,2179.017000000,-11.969000000,-21.412000000
10.745000000,2186.154000000,-11.962000000,-21.398000000
10.795000000,2193.250000000,-11.955000000,-21.383000000
10.845000000,2200.307000000,-11.948000000,-21.367000000
10.895000000,2207.325000000,-11.940000000,-21.349000000
10.945000000,2214.303000000,-11.931000000,-21.330000000
10.995000000,2221.242000000,-11.921000000,-21.309000000
11.045000000,2228.143000000,-11.911000000,-21.287000000
11.095000000,2235.005000000,-11.901000000,-21.264000000
11.145000000,2241.828000000,-11.890000000,-21.240000000
11.195000000,2248.613000000,-11.880000000,-21.216000000
11.245000000,2255.360000000,-11.869000000,-21.190000000
11.295000000,2262.069000000,-11.856000000,-21.163000000
11.345000000,2268.741000000,-11.844000000,-21.134000000
11.395000000,2275.374000000,-11.830000000,-21.103000000
11.445000000,2281.971000000,-11.816000000,-21.072000000
11.495000000,2288.530000000,-11.802000000,-21.039000000
11.545000000,2295.052000000,-11.788000000,-21.006000000
11.595000000,2301.537000000,-11.773000000,-20.971000000
11.645000000,2307.985000000,-11.758000000,-20.936000000
11.695000000,2314.396000000,-11.743000000,-20.901000000
11.745000000,2320.771000000,-11.728000000,-20.865000000
11.795000000,2327.109000000,-11.712000000,-20.829000000
11.845000000,2333.412000000,-11.696000000,-20.792000000
11.895000000,2339.678000000,-11.680000000,-20.752000000
11.945000000,2345.909000000,-11.662000000,-20.712000000
11.995000000,2352.103000000,-11.645000000,-20.670000000
12.045000000,2358.263000000,-11.627000000,-20.628000000
12.095000000,2364.386000000,-11.609000000,-20.585000000
12.145000000,2370.475000000,-11.590000000,-20.540000000
12.195000000,2376.528000000,-11.571000000,-20.494000000
12.245000000,2382.547000000,-11.551000000,-20.447000000
12.295000000,2388.530000000,-11.531000000,-20.399000000
12.345000000,2394.479000000,-11.511000000,-20.350000000
12.395000000,2400.393000000,-11.490000000,-20.301000000
12.445000000,2406.273000000,-11.469000000,-20.251000000
12.495000000,2412.118000000,-11.448000000,-20.200000000
12.500000000,2412.710000000,-11.446000000,-20.195000000
12.508000000,2413.598000000,-11.443000000,-20.187000000
12.519000000,2414.928000000,-11.438000000,-20.176000000
12.536000000,2416.921000000,-11.431000000,-20.159000000
12.562000000,2419.901000000,-11.421000000,-20.133000000
12.601000000,2424.356000000,-11.404000000,-20.093000000
12.651000000,2430.095000000,-11.382000000,-20.039000000
12.701000000,2435.800000000,-11.358000000,-19.982000000
12.751000000,2441.472000000,-11.334000000,-19.923000000
12.801000000,2447.110000000,-11.311000000,-19.865000000
12.851000000,2452.715000000,-11.288000000,-19.809000000
12.901000000,2458.286000000,-11.265000000,-19.753000000
12.951000000,2463.823000000,-11.242000000,-19.697000000
13.001000000,2469.328000000,-11.218000000,-19.639000000
13.051000000,2474.799000000,-11.194000000,-19.579000000
13.101000000,2480.238000000,-11.169000000,-19.518000000
13.151000000,2485.644000000,-11.144000000,-19.457000000
13.201000000,2491.017000000,-11.119000000,-19.396000000
13.251000000,2496.357000000,-11.094000000,-19.334000000
13.301000000,2501.666000000,-11.068000000,-19.271000000
13.351000000,2506.942000000,-11.041000000,-19.205000000
13.401000000,2512.185000000,-11.014000000,-19.137000000
13.451000000,2517.397000000,-10.987000000,-19.070000000
13.501000000,2522.577000000,-10.960000000,-19.003000000
13.551000000,2527.724000000,-10.933000000,-18.938000000
13.601000000,2532.839000000,-10.907000000,-18.874000000
13.651000000,2537.922000000,-10.881000000,-18.808000000
13.701000000,2542.975000000,-10.853000000,-18.739000000
13.751000000,2547.995000000,-10.824000000,-18.667000000
13.801000000,2552.985000000,-10.795000000,-18.594000000
13.851000000,2557.943000000,-10.765000000,-18.521000000
13.901000000,2562.870000000,-10.736000000,-18.448000000
13.951000000,2567.765000000,-10.707000000,-18.377000000
14.001000000,2572.629000000,-10.679000000,-18.305000000
14.051000000,2577.462000000,-10.650000000,-18.233000000
14.101000000,2582.264000000,-10.621000000,-18.160000000
14.151000000,2587.036000000,-10.591000000,-18.086000000
14.201000000,2591.777000000,-10.560000000,-18.008000000
14.251000000,2596.487000000,-10.528000000,-17.929000000
14.301000000,2601.167000000,-10.496000000,-17.849000000
14.351000000,2605.817000000,-10.464000000,-17.769000000
14.401000000,2610.436000000,-10.432000000,-17.691000000
14.451000000,2615.024000000,-10.401000000,-17.613000000
14.501000000,2619.582000000,-10.371000000,-17.536000000
14.551000000,2624.110000000,-10.339000000,-17.458000000
14.601000000,2628.608000000,-10.307000000,-17.378000000
14.651000000,2633.076000000,-10.275000000,-17.296000000
14.701000000,2637.514000000,-10.242000000,-17.214000000
14.751000000,2641.922000000,-10.209000000,-17.132000000
14.801000000,2646.301000000,-10.177000000,-17.050000000
14.851000000,2650.649000000,-10.144000000,-16.968000000
14.901000000,2654.968000000,-10.112000000,-16.886000000
14.951000000,2659.258000000,-10.079000000,-16.804000000
15.000000000,2663.470000000,-10.046000000,-16.721000000
15.050000000,2667.701000000,-10.012000000,-16.636000000
15.100000000,2671.903000000,-9.977000000,-16.549000000
15.150000000,2676.076000000,-9.941000000,-16.461000000
15.200000000,2680.220000000,-9.906000000,-16.372000000
15.250000000,2684.334000000,-9.871000000,-16.284000000
15.300000000,2688.420000000,-9.836000000,-16.196000000
15.350000000,2692.476000000,-9.801000000,-16.109000000
15.400000000,2696.503000000,-9.767000000,-16.021000000
15.450000000,2700.501000000,-9.732000000,-15.934000000
15.500000000,2704.471000000,-9.697000000,-15.847000000
15.550000000,2708.412000000,-9.662000000,-15.757000000
15.600000000,2712.325000000,-9.625000000,-15.666000000
15.650000000,2716.209000000,-9.588000000,-15.574000000
15.700000000,2720.064000000,-9.551000000,-15.480000000
15.750000000,2723.892000000,-9.513000000,-15.386000000
15.800000000,2727.690000000,-9.476000000,-15.292000000
15.850000000,2731.461000000,-9.438000000,-15.199000000
15.900000000,2735.202000000,-9.402000000,-15.106000000
15.950000000,2738.916000000,-9.365000000,-15.015000000
16.000000000,2742.601000000,-9.329000000,-14.923000000
16.050000000,2746.258000000,-9.292000000,-14.831000000
16.100000000,2749.888000000,-9.255000000,-14.737000000
16.150000000,2753.489000000,-9.218000000,-14.642000000
16.200000000,2757.063000000,-9.179000000,-14.546000000
16.250000000,2760.608000000,-9.140000000,-14.448000000
16.300000000,2764.127000000,-9.101000000,-14.349000000
16.350000000,2767.617000000,-9.061000000,-14.250000000
16.400000000,2771.080000000,-9.022000000,-14.150000000
16.450000000,2774.515000000,-8.982000000,-14.052000000
16.500000000,2777.922000000,-8.943000000,-13.954000000
16.550000000,2781.301000000,-8.905000000,-13.857000000
16.600000000,2784.653000000,-8.866000000,-13.760000000
16.650000000,2787.977000000,-8.828000000,-13.663000000
16.700000000,2791.274000000,-8.789000000,-13.565000000
16.750000000,2794.544000000,-8.750000000,-13.467000000
16.800000000,2797.786000000,-8.711000000,-13.368000000
16.850000000,2801.002000000,-8.670000000,-13.267000000
16.900000000,2804.190000000,-8.629000000,-13.164000000
16.950000000,2807.351000000,-8.588000000,-13.060000000
17.000000000,2810.486000000,-8.546000000,-12.955000000
17.050000000,2813.593000000,-8.504000000,-12.850000000
17.100000000,2816.673000000,-8.462000000,-12.745000000
17.150000000,2819.727000000,-8.421000000,-12.640000000
17.200000000,2822.753000000,-8.379000000,-12.536000000
17.250000000,2825.752000000,-8.337000000,-12.431000000
17.300000000,2828.724000000,-8.296000000,-12.327000000
17.350000000,2831.670000000,-8.254000000,-12.223000000
17.400000000,2834.588000000,-8.213000000,-12.118000000
17.450000000,2837.480000000,-8.171000000,-12.013000000
17.500000000,2840.346000000,-8.129000000,-11.908000000
17.550000000,2843.184000000,-8.087000000,-11.803000000
17.600000000,2845.996000000,-8.045000000,-11.698000000
17.650000000,2848.782000000,-8.003000000,-11.592000000
17.700000000,2851.541000000,-7.961000000,-11.486000000
17.750000000,2854.273000000,-7.919000000,-11.380000000
17.800000000,2856.979000000,-7.877000000,-11.273000000
17.850000000,2859.659000000,-7.834000000,-11.167000000
17.900000000,2862.313000000,-7.792000000,-11.060000000
17.950000000,2864.940000000,-7.749000000,-10.953000000
18.000000000,2867.540000000,-7.706000000,-10.846000000
18.050000000,2870.115000000,-7.663000000,-10.737000000
18.100000000,2872.664000000,-7.620000000,-10.628000000
18.150000000,2875.186000000,-7.576000000,-10.517000000
18.200000000,2877.683000000,-7.531000000,-10.407000000
18.250000000,2880.153000000,-7.487000000,-10.296000000
18.300000000,2882.598000000,-7.443000000,-10.185000000
18.350000000,2885.016000000,-7.398000000,-10.073000000
18.400000000,2887.408000000,-7.354000000,-9.961000000
18.450000000,2889.775000000,-7.309000000,-9.849000000
18.500000000,2892.115000000,-7.264000000,-9.736000000
18.550000000,2894.430000000,-7.219000000,-9.623000000
18.600000000,2896.719000000,-7.174000000,-9.510000000
18.650000000,2898.982000000,-7.129000000,-9.397000000
18.700000000,2901.219000000,-7.083000000,-9.283000000
18.750000000,2903.430000000,-7.038000000,-9.170000000
18.800000000,2905.616000000,-6.993000000,-9.057000000
18.850000000,2907.775000000,-6.948000000,-8.945000000
18.900000000,2909.909000000,-6.904000000,-8.832000000
18.950000000,2912.017000000,-6.859000000,-8.720000000
19.000000000,2914.100000000,-6.814000000,-8.607000000
19.050000000,2916.157000000,-6.769000000,-8.494000000
19.100000000,2918.188000000,-6.724000000,-8.381000000
19.150000000,2920.194000000,-6.679000000,-8.267000000
19.200000000,2922.175000000,-6.633000000,-8.152000000
19.250000000,2924.130000000,-6.586000000,-8.036000000
19.300000000,2926.060000000,-6.540000000,-7.920000000
19.350000000,2927.965000000,-6.493000000,-7.802000000
19.400000000,2929.844000000,-6.446000000,-7.685000000
19.450000000,2931.698000000,-6.399000000,-7.567000000
19.500000000,2933.527000000,-6.352000000,-7.449000000
19.550000000,2935.330000000,-6.305000000,-7.331000000
19.600000000,2937.108000000,-6.257000000,-7.212000000
19.650000000,2938.861000000,-6.209000000,-7.092000000
19.700000000,2940.589000000,-6.161000000,-6.972000000
19.750000000,2942.292000000,-6.113000000,-6.851000000
19.800000000,2943.969000000,-6.065000000,-6.730000000
19.850000000,2945.621000000,-6.016000000,-6.609000000
19.900000000,2947.248000000,-5.968000000,-6.488000000
19.950000000,2948.850000000,-5.920000000,-6.368000000
20.000000000,2950.426000000,-5.872000000,-6.248000000
20.050000000,2951.977000000,-5.824000000,-6.128000000
20.100000000,2953.503000000,-5.776000000,-6.009000000
20.150000000,2955.003000000,-5.729000000,-5.891000000
20.200000000,2956.479000000,-5.682000000,-5.772000000
20.250000000,2957.929000000,-5.635000000,-5.655000000
20.300000000,2959.353000000,-5.588000000,-5.537000000
20.350000000,2960.753000000,-5.542000000,-5.420000000
20.400000000,2962.128000000,-5.495000000,-5.303000000
20.450000000,2963.478000000,-5.448000000,-5.185000000
20.500000000,2964.803000000,-5.401000000,-5.066000000
20.550000000,2966.104000000,-5.353000000,-4.946000000
20.600000000,2967.380000000,-5.304000000,-4.825000000
20.650000000,2968.631000000,-5.256000000,-4.704000000
20.700000000,2969.858000000,-5.207000000,-4.581000000
20.750000000,2971.060000000,-5.157000000,-4.457000000
20.800000000,2972.238000000,-5.107000000,-4.332000000
20.850000000,2973.391000000,-5.057000000,-4.207000000
20.900000000,2974.519000000,-5.006000000,-4.081000000
20.950000000,2975.623000000,-4.955000000,-3.954000000
21.000000000,2976.702000000,-4.904000000,-3.826000000
21.050000000,2977.757000000,-4.853000000,-3.698000000
21.100000000,2978.787000000,-4.801000000,-3.570000000
21.150000000,2979.793000000,-4.749000000,-3.440000000
21.200000000,2980.774000000,-4.697000000,-3.311000000
21.250000000,2981.730000000,-4.645000000,-3.181000000
21.300000000,2982.662000000,-4.592000000,-3.051000000
21.350000000,2983.569000000,-4.540000000,-2.920000000
21.400000000,2984.451000000,-4.487000000,-2.790000000
21.450000000,2985.309000000,-4.435000000,-2.659000000
21.500000000,2986.142000000,-4.382000000,-2.528000000
21.550000000,2986.951000000,-4.329000000,-2.397000000
21.600000000,2987.735000000,-4.276000000,-2.266000000
21.650000000,2988.494000000,-4.224000000,-2.135000000
21.700000000,2989.229000000,-4.171000000,-2.004000000
21.750000000,2989.939000000,-4.118000000,-1.872000000
21.800000000,2990.625000000,-4.064000000,-1.740000000
21.850000000,2991.286000000,-4.011000000,-1.608000000
21.900000000,2991.923000000,-3.958000000,-1.476000000
21.950000000,2992.535000000,-3.904000000,-1.343000000
22.000000000,2993.123000000,-3.851000000,-1.210000000
22.050000000,2993.687000000,-3.797000000,-1.077000000
22.100000000,2994.226000000,-3.743000000,-0.943000000
22.150000000,2994.741000000,-3.689000000,-0.809000000
22.200000000,2995.232000000,-3.634000000,-0.674000000
22.250000000,2995.698000000,-3.579000000,-0.539000000
22.300000000,2996.141000000,-3.524000000,-0.403000000
22.350000000,2996.559000000,-3.469000000,-0.267000000
22.400000000,2996.954000000,-3.414000000,-0.130000000
22.450000000,2997.324000000,-3.358000000,0.007000000
22.500000000,2997.670000000,-3.302000000,0.145000000
22.550000000,2997.992000000,-3.246000000,0.283000000
22.600000000,2998.290000000,-3.190000000,0.422000000
22.650000000,2998.564000000,-3.133000000,0.562000000
22.700000000,2998.815000000,-3.076000000,0.702000000
22.750000000,2999.042000000,-3.018000000,0.844000000
22.800000000,2999.245000000,-2.960000000,0.986000000
22.850000000,2999.425000000,-2.902000000,1.129000000
22.900000000,2999.582000000,-2.843000000,1.273000000
22.950000000,2999.715000000,-2.784000000,1.418000000
23.000000000,2999.825000000,-2.725000000,1.563000000
23.050000000,2999.911000000,-2.665000000,1.710000000
23.100000000,2999.974000000,-2.605000000,1.857000000
23.150000000,3000.014000000,-2.544000000,2.005000000
23.200000000,3000.031000000,-2.483000000,2.154000000
23.250000000,3000.025000000,-2.422000000,2.304000000
23.300000000,2999.995000000,-2.360000000,2.454000000
23.350000000,2999.943000000,-2.298000000,2.606000000
23.400000000,2999.867000000,-2.236000000,2.757000000
23.450000000,2999.769000000,-2.173000000,2.910000000
23.500000000,2999.648000000,-2.110000000,3.063000000
23.550000000,2999.505000000,-2.046000000,3.218000000
23.600000000,2999.339000000,-1.983000000,3.372000000
23.650000000,2999.151000000,-1.919000000,3.528000000
23.700000000,2998.941000000,-1.854000000,3.684000000
23.750000000,2998.709000000,-1.790000000,3.841000000
23.800000000,2998.454000000,-1.725000000,3.998000000
23.850000000,2998.177000000,-1.660000000,4.156000000
23.900000000,2997.878000000,-1.594000000,4.315000000
23.950000000,2997.556000000,-1.529000000,4.473000000
24.000000000,2997.213000000,-1.463000000,4.632000000
24.050000000,2996.848000000,-1.398000000,4.792000000
24.100000000,2996.461000000,-1.332000000,4.951000000
24.150000000,2996.053000000,-1.266000000,5.111000000
24.200000000,2995.624000000,-1.200000000,5.271000000
24.250000000,2995.173000000,-1.134000000,5.431000000
24.300000000,2994.702000000,-1.068000000,5.591000000
24.350000000,2994.210000000,-1.002000000,5.750000000
24.400000000,2993.698000000,-0.936000000,5.910000000
24.450000000,2993.167000000,-0.870000000,6.068000000
24.500000000,2992.616000000,-0.805000000,6.226000000
24.550000000,2992.047000000,-0.740000000,6.383000000
24.600000000,2991.459000000,-0.676000000,6.539000000
24.650000000,2990.852000000,-0.613000000,6.694000000
24.700000000,2990.227000000,-0.550000000,6.847000000
24.750000000,2989.583000000,-0.487000000,6.999000000
24.800000000,2988.921000000,-0.426000000,7.148000000
24.850000000,2988.241000000,-0.366000000,7.296000000
24.900000000,2987.542000000,-0.307000000,7.441000000
24.950000000,2986.825000000,-0.249000000,7.584000000
25.000000000,2986.090000000,-0.192000000,7.723000000
25.050000000,2985.336000000,-0.136000000,7.860000000
25.100000000,2984.564000000,-0.083000000,7.993000000
25.150000000,2983.773000000,-0.030000000,8.123000000
25.200000000,2982.964000000,0.020000000,8.250000000
25.250000000,2982.135000000,0.069000000,8.372000000
25.300000000,2981.288000000,0.116000000,8.491000000
25.347000000,2980.467000000,0.159000000,8.600000000
25.393000000,2979.659000000,0.200000000,8.703000000
25.437000000,2978.855000000,0.238000000,8.801000000
25.481000000,2978.044000000,0.275000000,8.896000000
25.524000000,2977.216000000,0.312000000,8.990000000
25.569000000,2976.360000000,0.349000000,9.085000000
25.614000000,2975.471000000,0.386000000,9.181000000
25.660000000,2974.530000000,0.426000000,9.282000000
25.709000000,2973.515000000,0.468000000,9.390000000
25.755000000,2972.549000000,0.508000000,9.493000000
25.794000000,2971.705000000,0.544000000,9.584000000
25.827000000,2970.963000000,0.576000000,9.665000000
25.859000000,2970.249000000,0.608000000,9.744000000
25.890000000,2969.552000000,0.639000000,9.823000000
25.920000000,2968.873000000,0.671000000,9.901000000
25.948000000,2968.204000000,0.702000000,9.979000000
25.977000000,2967.540000000,0.735000000,10.058000000
26.005000000,2966.870000000,0.768000000,10.140000000
26.033000000,2966.192000000,0.802000000,10.224000000
26.061000000,2965.509000000,0.838000000,10.310000000
26.089000000,2964.821000000,0.874000000,10.398000000
26.117000000,2964.128000000,0.911000000,10.488000000
26.145000000,2963.419000000,0.950000000,10.582000000
26.174000000,2962.683000000,0.991000000,10.681000000
26.204000000,2961.913000000,1.035000000,10.785000000
26.235000000,2961.098000000,1.082000000,10.897000000
26.269000000,2960.212000000,1.133000000,11.020000000
26.305000000,2959.228000000,1.191000000,11.158000000
26.347000000,2958.094000000,1.259000000,11.318000000
26.397000000,2956.716000000,1.341000000,11.513000000
26.447000000,2955.313000000,1.425000000,11.710000000
26.497000000,2953.887000000,1.509000000,11.909000000
26.547000000,2952.436000000,1.593000000,12.108000000
26.597000000,2950.962000000,1.677000000,12.306000000
26.647000000,2949.465000000,1.760000000,12.502000000
26.691000000,2948.134000000,1.831000000,12.671000000
26.726000000,2947.052000000,1.887000000,12.803000000
26.758000000,2946.082000000,1.936000000,12.919000000
26.787000000,2945.177000000,1.980000000,13.024000000
26.814000000,2944.317000000,2.021000000,13.121000000
26.841000000,2943.477000000,2.059000000,13.214000000
26.867000000,2942.638000000,2.097000000,13.303000000
26.893000000,2941.799000000,2.133000000,13.390000000
26.919000000,2940.954000000,2.168000000,13.476000000
26.946000000,2940.088000000,2.204000000,13.561000000
26.973000000,2939.185000000,2.239000000,13.646000000
27.002000000,2938.221000000,2.276000000,13.736000000
27.034000000,2937.157000000,2.315000000,13.831000000
27.072000000,2935.884000000,2.361000000,13.942000000
27.122000000,2934.184000000,2.419000000,14.084000000
27.172000000,2932.462000000,2.477000000,14.225000000
27.222000000,2930.716000000,2.534000000,14.365000000
27.272000000,2928.947000000,2.591000000,14.506000000
27.322000000,2927.153000000,2.650000000,14.650000000
27.365000000,2925.606000000,2.701000000,14.775000000
27.399000000,2924.346000000,2.744000000,14.879000000
27.429000000,2923.229000000,2.782000000,14.972000000
27.458000000,2922.146000000,2.821000000,15.065000000
27.487000000,2921.089000000,2.859000000,15.156000000
27.513000000,2920.077000000,2.896000000,15.245000000
27.540000000,2919.069000000,2.933000000,15.336000000
27.567000000,2918.027000000,2.973000000,15.430000000
27.595000000,2916.938000000,3.015000000,15.531000000
27.625000000,2915.778000000,3.060000000,15.639000000
27.659000000,2914.460000000,3.113000000,15.764000000
27.699000000,2912.862000000,3.177000000,15.916000000
27.749000000,2910.863000000,3.258000000,16.108000000
27.799000000,2908.840000000,3.340000000,16.302000000
27.849000000,2906.793000000,3.422000000,16.497000000
27.899000000,2904.724000000,3.504000000,16.690000000
27.949000000,2902.632000000,3.585000000,16.881000000
27.988000000,2900.985000000,3.646000000,17.027000000
28.020000000,2899.642000000,3.695000000,17.143000000
28.048000000,2898.406000000,3.739000000,17.247000000
28.076000000,2897.210000000,3.780000000,17.345000000
28.104000000,2896.026000000,3.820000000,17.440000000
28.131000000,2894.812000000,3.859000000,17.534000000
28.162000000,2893.460000000,3.902000000,17.637000000
28.198000000,2891.901000000,3.951000000,17.753000000
28.240000000,2890.029000000,4.007000000,17.888000000
28.290000000,2887.788000000,4.073000000,18.046000000
28.340000000,2885.524000000,4.138000000,18.204000000
28.390000000,2883.237000000,4.204000000,18.363000000
28.440000000,2880.926000000,4.271000000,18.524000000
28.490000000,2878.592000000,4.340000000,18.689000000
28.534000000,2876.499000000,4.403000000,18.839000000
28.574000000,2874.599000000,4.460000000,18.977000000
28.615000000,2872.659000000,4.520000000,19.119000000
28.657000000,2870.597000000,4.585000000,19.273000000
28.703000000,2868.400000000,4.654000000,19.438000000
28.753000000,2865.942000000,4.733000000,19.624000000
28.803000000,2863.462000000,4.812000000,19.812000000
28.853000000,2860.959000000,4.892000000,20.001000000
28.903000000,2858.433000000,4.972000000,20.189000000
28.953000000,2855.885000000,5.051000000,20.375000000
29.003000000,2853.314000000,5.128000000,20.558000000
29.040000000,2851.382000000,5.184000000,20.692000000
29.081000000,2849.229000000,5.246000000,20.838000000
29.122000000,2847.090000000,5.305000000,20.979000000
29.165000000,2844.810000000,5.367000000,21.125000000
29.215000000,2842.146000000,5.437000000,21.293000000
29.265000000,2839.461000000,5.507000000,21.459000000
29.315000000,2836.752000000,5.577000000,21.627000000
29.365000000,2834.021000000,5.648000000,21.796000000
29.415000000,2831.267000000,5.721000000,21.970000000
29.456000000,2828.982000000,5.783000000,22.116000000
29.493000000,2826.941000000,5.839000000,22.248000000
29.532000000,2824.743000000,5.900000000,22.393000000
29.574000000,2822.359000000,5.967000000,22.552000000
29.624000000,2819.509000000,6.048000000,22.743000000
29.674000000,2816.638000000,6.130000000,22.935000000
29.724000000,2813.744000000,6.211000000,23.127000000
29.774000000,2810.828000000,6.292000000,23.316000000
29.822000000,2808.036000000,6.367000000,23.493000000
29.867000000,2805.351000000,6.437000000,23.658000000
29.912000000,2802.693000000,6.505000000,23.819000000
29.962000000,2799.696000000,6.579000000,23.995000000
30.012000000,2796.678000000,6.653000000,24.169000000
30.062000000,2793.639000000,6.726000000,24.342000000
30.112000000,2790.577000000,6.799000000,24.516000000
30.162000000,2787.493000000,6.874000000,24.692000000
30.203000000,2784.948000000,6.937000000,24.840000000
30.242000000,2782.481000000,6.999000000,24.986000000
30.288000000,2779.616000000,7.071000000,25.157000000
30.338000000,2776.453000000,7.153000000,25.348000000
30.388000000,2773.269000000,7.235000000,25.541000000
30.438000000,2770.063000000,7.318000000,25.734000000
30.488000000,2766.835000000,7.400000000,25.927000000
30.538000000,2763.586000000,7.481000000,26.117000000
30.588000000,2760.316000000,7.561000000,26.305000000
30.637000000,2757.091000000,7.638000000,26.486000000
30.687000000,2753.779000000,7.715000000,26.667000000
30.737000000,2750.446000000,7.792000000,26.848000000
30.787000000,2747.091000000,7.869000000,27.028000000
30.837000000,2743.715000000,7.946000000,27.209000000
30.887000000,2740.317000000,8.024000000,27.394000000
30.930000000,2737.392000000,8.093000000,27.555000000
30.972000000,2734.451000000,8.163000000,27.719000000
31.022000000,2730.994000000,8.247000000,27.914000000
31.072000000,2727.516000000,8.332000000,28.112000000
31.122000000,2724.017000000,8.417000000,28.310000000
31.172000000,2720.496000000,8.501000000,28.506000000
31.222000000,2716.956000000,8.583000000,28.699000000
31.266000000,2713.822000000,8.655000000,28.866000000
31.313000000,2710.460000000,8.730000000,29.042000000
31.363000000,2706.861000000,8.809000000,29.228000000
31.413000000,2703.241000000,8.888000000,29.413000000
31.463000000,2699.600000000,8.968000000,29.599000000
31.513000000,2695.938000000,9.049000000,29.788000000
31.563000000,2692.255000000,9.131000000,29.980000000
31.613000000,2688.551000000,9.215000000,30.175000000
31.663000000,2684.826000000,9.299000000,30.372000000
31.713000000,2681.081000000,9.384000000,30.570000000
31.763000000,2677.314000000,9.469000000,30.768000000
31.813000000,2673.528000000,9.554000000,30.964000000
31.863000000,2669.721000000,9.636000000,31.156000000
31.913000000,2665.894000000,9.718000000,31.347000000
31.963000000,2662.047000000,9.799000000,31.536000000
32.013000000,2658.179000000,9.881000000,31.727000000
32.063000000,2654.290000000,9.964000000,31.920000000
32.113000000,2650.381000000,10.049000000,32.116000000
32.162000000,2646.597000000,10.132000000,32.309000000
32.212000000,2642.647000000,10.219000000,32.512000000
32.262000000,2638.678000000,10.307000000,32.716000000
32.312000000,2634.688000000,10.394000000,32.918000000
32.362000000,2630.679000000,10.481000000,33.118000000
32.406000000,2627.131000000,10.555000000,33.291000000
32.456000000,2623.085000000,10.639000000,33.486000000
32.506000000,2619.018000000,10.722000000,33.679000000
32.556000000,2614.932000000,10.806000000,33.874000000
32.606000000,2610.826000000,10.891000000,34.071000000
32.656000000,2606.700000000,10.978000000,34.271000000
32.706000000,2602.554000000,11.066000000,34.475000000
32.756000000,2598.387000000,11.155000000,34.682000000
32.806000000,2594.201000000,11.245000000,34.889000000
32.856000000,2589.996000000,11.334000000,35.095000000
32.906000000,2585.771000000,11.422000000,35.300000000
32.956000000,2581.527000000,11.510000000,35.503000000
33.006000000,2577.264000000,11.596000000,35.703000000
33.056000000,2572.981000000,11.682000000,35.901000000
33.106000000,2568.679000000,11.768000000,36.100000000
33.156000000,2564.358000000,11.855000000,36.300000000
33.206000000,2560.017000000,11.943000000,36.504000000
33.256000000,2555.657000000,12.032000000,36.710000000
33.306000000,2551.277000000,12.123000000,36.919000000
33.356000000,2546.878000000,12.214000000,37.129000000
33.406000000,2542.460000000,12.305000000,37.338000000
33.456000000,2538.024000000,12.394000000,37.546000000
33.506000000,2533.568000000,12.483000000,37.751000000
33.556000000,2529.094000000,12.572000000,37.956000000
33.606000000,2524.600000000,12.661000000,38.161000000
33.656000000,2520.088000000,12.751000000,38.368000000
33.706000000,2515.557000000,12.841000000,38.577000000
33.756000000,2511.007000000,12.932000000,38.786000000
33.806000000,2506.439000000,13.024000000,38.997000000
33.856000000,2501.851000000,13.116000000,39.208000000
33.906000000,2497.245000000,13.208000000,39.421000000
33.956000000,2492.621000000,13.300000000,39.634000000
34.006000000,2487.978000000,13.392000000,39.846000000
34.056000000,2483.317000000,13.484000000,40.057000000
34.106000000,2478.637000000,13.575000000,40.268000000
34.156000000,2473.939000000,13.667000000,40.480000000
34.206000000,2469.223000000,13.760000000,40.693000000
34.256000000,2464.489000000,13.853000000,40.907000000
34.306000000,2459.736000000,13.946000000,41.120000000
34.356000000,2454.965000000,14.038000000,41.333000000
34.406000000,2450.177000000,14.131000000,41.547000000
34.456000000,2445.370000000,14.224000000,41.761000000
34.506000000,2440.545000000,14.319000000,41.977000000
34.556000000,2435.702000000,14.414000000,42.195000000
34.606000000,2430.841000000,14.509000000,42.415000000
34.656000000,2425.963000000,14.605000000,42.635000000
34.706000000,2421.067000000,14.700000000,42.854000000
34.756000000,2416.153000000,14.795000000,43.071000000
34.806000000,2411.222000000,14.889000000,43.286000000
34.856000000,2406.273000000,14.983000000,43.503000000
34.906000000,2401.307000000,15.078000000,43.721000000
34.956000000,2396.323000000,15.174000000,43.941000000
35.006000000,2391.321000000,15.271000000,44.163000000
35.056000000,2386.302000000,15.369000000,44.387000000
35.106000000,2381.266000000,15.466000000,44.611000000
35.156000000,2376.212000000,15.564000000,44.835000000
35.206000000,2371.142000000,15.661000000,45.058000000
35.256000000,2366.054000000,15.758000000,45.280000000
35.306000000,2360.950000000,15.854000000,45.501000000
35.356000000,2355.828000000,15.951000000,45.723000000
35.406000000,2350.689000000,16.049000000,45.946000000
35.456000000,2345.534000000,16.147000000,46.172000000
35.506000000,2340.361000000,16.247000000,46.400000000
35.556000000,2335.171000000,16.346000000,46.628000000
35.606000000,2329.965000000,16.446000000,46.855000000
35.656000000,2324.742000000,16.544000000,47.081000000
35.706000000,2319.503000000,16.643000000,47.307000000
35.756000000,2314.247000000,16.742000000,47.532000000
35.806000000,2308.975000000,16.841000000,47.759000000
35.856000000,2303.686000000,16.941000000,47.988000000
35.906000000,2298.380000000,17.042000000,48.218000000
35.956000000,2293.058000000,17.144000000,48.450000000
36.006000000,2287.720000000,17.245000000,48.682000000
36.056000000,2282.365000000,17.346000000,48.914000000
36.106000000,2276.995000000,17.448000000,49.145000000
36.156000000,2271.608000000,17.549000000,49.377000000
36.206000000,2266.205000000,17.651000000,49.609000000
36.256000000,2260.786000000,17.753000000,49.841000000
36.306000000,2255.352000000,17.855000000,50.074000000
36.356000000,2249.901000000,17.958000000,50.309000000
36.406000000,2244.434000000,18.063000000,50.546000000
36.456000000,2238.951000000,18.167000000,50.784000000
36.506000000,2233.453000000,18.271000000,51.020000000
36.556000000,2227.939000000,18.374000000,51.256000000
36.606000000,2222.410000000,18.478000000,51.492000000
36.656000000,2216.865000000,18.583000000,51.730000000
36.706000000,2211.304000000,18.687000000,51.968000000
36.756000000,2205.729000000,18.792000000,52.205000000
36.806000000,2200.137000000,18.897000000,52.444000000
36.856000000,2194.531000000,19.002000000,52.683000000
36.906000000,2188.908000000,19.109000000,52.924000000
36.956000000,2183.271000000,19.216000000,53.167000000
37.006000000,2177.619000000,19.322000000,53.408000000
37.056000000,2171.951000000,19.429000000,53.649000000
37.106000000,2166.269000000,19.535000000,53.889000000
37.156000000,2160.571000000,19.642000000,54.131000000
37.206000000,2154.859000000,19.749000000,54.375000000
37.256000000,2149.131000000,19.858000000,54.621000000
37.306000000,2143.389000000,19.967000000,54.868000000
37.356000000,2137.632000000,20.076000000,55.114000000
37.406000000,2131.860000000,20.185000000,55.360000000
37.456000000,2126.074000000,20.294000000,55.605000000
37.506000000,2120.273000000,20.403000000,55.851000000
37.556000000,2114.457000000,20.514000000,56.100000000
37.606000000,2108.627000000,20.625000000,56.351000000
37.656000000,2102.783000000,20.736000000,56.602000000
37.706000000,2096.924000000,20.847000000,56.851000000
37.756000000,2091.051000000,20.958000000,57.100000000
37.806000000,2085.164000000,21.069000000,57.348000000
37.856000000,2079.262000000,21.180000000,57.599000000
37.906000000,2073.347000000,21.293000000,57.852000000
37.956000000,2067.417000000,21.406000000,58.106000000
38.006000000,2061.473000000,21.519000000,58.360000000
38.056000000,2055.516000000,21.632000000,58.613000000
38.106000000,2049.544000000,21.746000000,58.867000000
38.156000000,2043.559000000,21.859000000,59.121000000
38.206000000,2037.560000000,21.974000000,59.377000000
38.256000000,2031.547000000,22.089000000,59.634000000
38.306000000,2025.520000000,22.204000000,59.892000000
38.356000000,2019.480000000,22.319000000,60.149000000
38.406000000,2013.426000000,22.434000000,60.405000000
38.456000000,2007.359000000,22.550000000,60.662000000
38.506000000,2001.279000000,22.666000000,60.920000000
38.556000000,1995.185000000,22.784000000,61.182000000
38.606000000,1989.077000000,22.902000000,61.444000000
38.656000000,1982.957000000,23.020000000,61.707000000
38.706000000,1976.823000000,23.138000000,61.969000000
38.756000000,1970.676000000,23.256000000,62.231000000
38.806000000,1964.516000000,23.375000000,62.493000000
38.856000000,1958.343000000,23.493000000,62.755000000
38.906000000,1952.157000000,23.612000000,63.018000000
38.956000000,1945.958000000,23.733000000,63.285000000
39.000000000,1940.438000000,23.841000000,63.523000000
39.050000000,1934.217000000,23.963000000,63.791000000
39.100000000,1927.988000000,24.085000000,64.060000000
39.150000000,1921.798000000,24.206000000,64.327000000
39.172000000,1918.992000000,24.261000000,64.447000000
39.189000000,1916.864000000,24.302000000,64.538000000
39.203000000,1915.140000000,24.336000000,64.612000000
39.214000000,1913.692000000,24.364000000,64.673000000
39.224000000,1912.442000000,24.388000000,64.726000000
39.233000000,1911.339000000,24.409000000,64.773000000
39.241000000,1910.352000000,24.428000000,64.814000000
39.248000000,1909.456000000,24.445000000,64.851000000
39.255000000,1908.636000000,24.460000000,64.886000000
39.261000000,1907.880000000,24.475000000,64.917000000
39.267000000,1907.178000000,24.488000000,64.946000000
39.272000000,1906.522000000,24.500000000,64.973000000
39.277000000,1905.906000000,24.512000000,64.998000000
39.281000000,1905.325000000,24.522000000,65.021000000
39.286000000,1904.776000000,24.533000000,65.044000000
39.290000000,1904.255000000,24.542000000,65.064000000
39.294000000,1903.758000000,24.551000000,65.084000000
39.298000000,1903.285000000,24.560000000,65.103000000
39.301000000,1902.831000000,24.568000000,65.121000000
39.305000000,1902.396000000,24.576000000,65.138000000
39.308000000,1901.978000000,24.583000000,65.154000000
39.311000000,1901.574000000,24.590000000,65.170000000
39.314000000,1901.185000000,24.597000000,65.185000000
39.317000000,1900.808000000,24.603000000,65.199000000
39.320000000,1900.444000000,24.610000000,65.213000000
39.323000000,1900.091000000,24.616000000,65.226000000
39.326000000,1899.749000000,24.622000000,65.239000000
39.329000000,1899.417000000,24.627000000,65.251000000
39.331000000,1899.094000000,24.633000000,65.263000000
39.334000000,1898.780000000,24.638000000,65.275000000
39.336000000,1898.467000000,24.643000000,65.286000000
39.339000000,1898.154000000,24.648000000,65.297000000
39.341000000,1897.841000000,24.653000000,65.308000000
39.344000000,1897.528000000,24.658000000,65.319000000
39.346000000,1897.215000000,24.663000000,65.330000000
39.349000000,1896.903000000,24.668000000,65.341000000
39.351000000,1896.590000000,24.673000000,65.351000000
39.354000000,1896.277000000,24.678000000,65.362000000
39.356000000,1895.965000000,24.682000000,65.372000000
39.359000000,1895.652000000,24.687000000,65.382000000
39.361000000,1895.339000000,24.691000000,65.392000000
39.364000000,1895.027000000,24.696000000,65.402000000
39.366000000,1894.714000000,24.700000000,65.412000000
39.369000000,1894.402000000,24.705000000,65.421000000
39.371000000,1894.090000000,24.709000000,65.430000000
39.374000000,1893.778000000,24.713000000,65.439000000
39.376000000,1893.466000000,24.717000000,65.448000000
39.379000000,1893.154000000,24.721000000,65.457000000
39.381000000,1892.842000000,24.725000000,65.465000000
39.384000000,1892.530000000,24.729000000,65.474000000
39.386000000,1892.218000000,24.732000000,65.482000000
39.389000000,1891.907000000,24.736000000,65.489000000
39.391000000,1891.595000000,24.739000000,65.497000000
39.394000000,1891.284000000,24.742000000,65.504000000
39.396000000,1890.973000000,24.746000000,65.511000000
39.399000000,1890.662000000,24.749000000,65.518000000
39.401000000,1890.352000000,24.751000000,65.524000000
39.404000000,1890.041000000,24.754000000,65.530000000
39.406000000,1889.731000000,24.757000000,65.536000000
39.409000000,1889.421000000,24.759000000,65.541000000
39.411000000,1889.111000000,24.761000000,65.546000000
39.414000000,1888.802000000,24.763000000,65.550000000
39.416000000,1888.492000000,24.765000000,65.555000000
39.419000000,1888.184000000,24.767000000,65.558000000
39.421000000,1887.875000000,24.769000000,65.562000000
39.424000000,1887.567000000,24.770000000,65.565000000
39.426000000,1887.259000000,24.771000000,65.567000000
39.429000000,1886.952000000,24.772000000,65.569000000
39.431000000,1886.645000000,24.773000000,65.571000000
39.434000000,1886.338000000,24.773000000,65.572000000
39.436000000,1886.032000000,24.774000000,65.573000000
39.439000000,1885.726000000,24.774000000,65.573000000
39.441000000,1885.421000000,24.774000000,65.573000000
39.444000000,1885.117000000,24.773000000,65.572000000
39.446000000,1884.813000000,24.773000000,65.571000000
39.449000000,1884.510000000,24.772000000,65.569000000
39.451000000,1884.208000000,24.771000000,65.567000000
39.454000000,1883.906000000,24.769000000,65.564000000
39.456000000,1883.605000000,24.768000000,65.560000000
39.459000000,1883.304000000,24.766000000,65.557000000
39.461000000,1883.005000000,24.764000000,65.552000000
39.464000000,1882.706000000,24.762000000,65.547000000
39.466000000,1882.409000000,24.759000000,65.542000000
39.469000000,1882.112000000,24.756000000,65.536000000
39.471000000,1881.816000000,24.753000000,65.529000000
39.474000000,1881.522000000,24.750000000,65.522000000
39.476000000,1881.228000000,24.747000000,65.515000000
39.479000000,1880.935000000,24.743000000,65.507000000
39.481000000,1880.644000000,24.739000000,65.498000000
39.484000000,1880.354000000,24.735000000,65.489000000
39.486000000,1880.065000000,24.731000000,65.480000000
39.489000000,1879.777000000,24.727000000,65.470000000
39.491000000,1879.490000000,24.722000000,65.460000000
39.494000000,1879.205000000,24.718000000,65.450000000
39.496000000,1878.921000000,24.713000000,65.439000000
39.499000000,1878.639000000,24.708000000,65.429000000
39.501000000,1878.358000000,24.703000000,65.418000000
39.504000000,1878.078000000,24.698000000,65.406000000
39.506000000,1877.800000000,24.693000000,65.395000000
39.509000000,1877.523000000,24.688000000,65.383000000
39.511000000,1877.247000000,24.682000000,65.372000000
39.514000000,1876.966000000,24.677000000,65.360000000
39.517000000,1876.653000000,24.671000000,65.346000000
39.520000000,1876.290000000,24.664000000,65.331000000
39.524000000,1875.844000000,24.656000000,65.312000000
39.528000000,1875.402000000,24.648000000,65.294000000
39.532000000,1874.966000000,24.640000000,65.276000000
39.536000000,1874.533000000,24.633000000,65.260000000
39.541000000,1874.104000000,24.626000000,65.244000000
39.545000000,1873.677000000,24.620000000,65.229000000
39.549000000,1873.251000000,24.614000000,65.216000000
39.553000000,1872.856000000,24.610000000,65.205000000
39.556000000,1872.536000000,24.606000000,65.196000000
39.559000000,1872.258000000,24.604000000,65.190000000
39.561000000,1872.007000000,24.602000000,65.184000000
39.564000000,1871.757000000,24.600000000,65.179000000
39.566000000,1871.507000000,24.598000000,65.175000000
39.569000000,1871.258000000,24.597000000,65.171000000
39.571000000,1871.010000000,24.596000000,65.168000000
39.574000000,1870.763000000,24.595000000,65.165000000
39.576000000,1870.516000000,24.594000000,65.163000000
39.579000000,1870.269000000,24.594000000,65.162000000
39.581000000,1870.023000000,24.594000000,65.160000000
39.584000000,1869.778000000,24.594000000,65.160000000
39.586000000,1869.532000000,24.594000000,65.160000000
39.589000000,1869.288000000,24.595000000,65.160000000
39.591000000,1869.043000000,24.596000000,65.161000000
39.594000000,1868.799000000,24.597000000,65.162000000
39.596000000,1868.555000000,24.598000000,65.164000000
39.599000000,1868.312000000,24.599000000,65.166000000
39.601000000,1868.068000000,24.601000000,65.168000000
39.604000000,1867.825000000,24.603000000,65.171000000
39.606000000,1867.582000000,24.605000000,65.174000000
39.609000000,1867.339000000,24.607000000,65.177000000
39.611000000,1867.096000000,24.609000000,65.181000000
39.614000000,1866.853000000,24.611000000,65.185000000
39.616000000,1866.611000000,24.614000000,65.189000000
39.619000000,1866.368000000,24.616000000,65.194000000
39.621000000,1866.126000000,24.619000000,65.198000000
39.624000000,1865.883000000,24.622000000,65.203000000
39.626000000,1865.641000000,24.625000000,65.208000000
39.629000000,1865.398000000,24.627000000,65.214000000
39.631000000,1865.156000000,24.630000000,65.219000000
39.634000000,1864.914000000,24.634000000,65.225000000
39.636000000,1864.671000000,24.637000000,65.230000000
39.639000000,1864.429000000,24.640000000,65.236000000
39.641000000,1864.186000000,24.643000000,65.242000000
39.644000000,1863.944000000,24.646000000,65.248000000
39.646000000,1863.702000000,24.650000000,65.254000000
39.649000000,1863.456000000,24.653000000,65.261000000
39.652000000,1863.152000000,24.658000000,65.269000000
39.656000000,1862.742000000,24.663000000,65.279000000
39.662000000,1862.126000000,24.672000000,65.296000000
39.669000000,1861.449000000,24.682000000,65.314000000
39.676000000,1860.771000000,24.692000000,65.332000000
39.683000000,1860.093000000,24.702000000,65.350000000
39.688000000,1859.638000000,24.708000000,65.362000000
39.691000000,1859.376000000,24.712000000,65.369000000
39.693000000,1859.133000000,24.716000000,65.376000000
39.696000000,1858.890000000,24.719000000,65.382000000
39.698000000,1858.647000000,24.722000000,65.389000000
39.701000000,1858.403000000,24.726000000,65.395000000
39.703000000,1858.160000000,24.729000000,65.401000000
39.706000000,1857.917000000,24.733000000,65.407000000
39.708000000,1857.674000000,24.736000000,65.414000000
39.711000000,1857.431000000,24.739000000,65.420000000
39.713000000,1857.188000000,24.743000000,65.426000000
39.716000000,1856.945000000,24.746000000,65.432000000
39.718000000,1856.702000000,24.749000000,65.437000000
39.721000000,1856.458000000,24.752000000,65.443000000
39.723000000,1856.215000000,24.755000000,65.449000000
39.726000000,1855.972000000,24.759000000,65.454000000
39.728000000,1855.729000000,24.762000000,65.459000000
39.731000000,1855.487000000,24.764000000,65.465000000
39.733000000,1855.244000000,24.767000000,65.470000000
39.736000000,1855.001000000,24.770000000,65.475000000
39.738000000,1854.758000000,24.773000000,65.480000000
39.741000000,1854.515000000,24.776000000,65.484000000
39.743000000,1854.273000000,24.778000000,65.489000000
39.746000000,1854.030000000,24.781000000,65.493000000
39.748000000,1853.788000000,24.783000000,65.497000000
39.751000000,1853.545000000,24.786000000,65.501000000
39.753000000,1853.303000000,24.788000000,65.505000000
39.756000000,1853.061000000,24.790000000,65.509000000
39.758000000,1852.819000000,24.792000000,65.512000000
39.761000000,1852.576000000,24.794000000,65.516000000
39.763000000,1852.335000000,24.796000000,65.519000000
39.766000000,1852.093000000,24.798000000,65.522000000
39.768000000,1851.851000000,24.800000000,65.524000000
39.771000000,1851.609000000,24.802000000,65.527000000
39.773000000,1851.368000000,24.804000000,65.529000000
39.776000000,1851.126000000,24.805000000,65.531000000
39.778000000,1850.885000000,24.807000000,65.533000000
39.781000000,1850.644000000,24.808000000,65.535000000
39.783000000,1850.403000000,24.809000000,65.537000000
39.786000000,1850.162000000,24.810000000,65.538000000
39.788000000,1849.921000000,24.812000000,65.539000000
39.791000000,1849.680000000,24.813000000,65.540000000
39.793000000,1849.440000000,24.814000000,65.541000000
39.796000000,1849.199000000,24.814000000,65.542000000
39.798000000,1848.959000000,24.815000000,65.542000000
39.801000000,1848.719000000,24.816000000,65.543000000
39.803000000,1848.479000000,24.816000000,65.543000000
39.806000000,1848.239000000,24.817000000,65.543000000
39.808000000,1847.999000000,24.817000000,65.542000000
39.811000000,1847.759000000,24.818000000,65.542000000
39.813000000,1847.519000000,24.818000000,65.541000000
39.816000000,1847.280000000,24.818000000,65.540000000
39.818000000,1847.040000000,24.818000000,65.539000000
39.821000000,1846.801000000,24.818000000,65.538000000
39.823000000,1846.561000000,24.818000000,65.537000000
39.826000000,1846.322000000,24.818000000,65.535000000
39.828000000,1846.083000000,24.818000000,65.533000000
39.831000000,1845.844000000,24.818000000,65.532000000
39.833000000,1845.605000000,24.817000000,65.530000000
39.836000000,1845.366000000,24.817000000,65.527000000
39.838000000,1845.127000000,24.816000000,65.525000000
39.841000000,1844.889000000,24.816000000,65.523000000
39.843000000,1844.650000000,24.815000000,65.520000000
39.846000000,1844.411000000,24.814000000,65.517000000
39.848000000,1844.173000000,24.814000000,65.514000000
39.851000000,1843.934000000,24.813000000,65.511000000
39.853000000,1843.696000000,24.812000000,65.508000000
39.856000000,1843.456000000,24.811000000,65.505000000
39.858000000,1843.199000000,24.810000000,65.501000000
39.861000000,1842.921000000,24.809000000,65.497000000
39.865000000,1842.617000000,24.808000000,65.493000000
39.868000000,1842.280000000,24.806000000,65.487000000
39.872000000,1841.896000000,24.804000000,65.481000000
39.877000000,1841.442000000,24.802000000,65.474000000
39.883000000,1840.872000000,24.798000000,65.464000000
39.892000000,1840.050000000,24.793000000,65.448000000
39.904000000,1838.817000000,24.785000000,65.425000000
39.919000000,1837.469000000,24.776000000,65.398000000
39.933000000,1836.094000000,24.767000000,65.370000000
39.948000000,1834.710000000,24.757000000,65.341000000
39.962000000,1833.323000000,24.747000000,65.313000000
39.967000000,1832.831000000,24.744000000,65.303000000
39.971000000,1832.472000000,24.741000000,65.296000000
39.974000000,1832.176000000,24.739000000,65.290000000
39.977000000,1831.907000000,24.738000000,65.285000000
39.980000000,1831.642000000,24.736000000,65.280000000
39.982000000,1831.381000000,24.734000000,65.275000000
39.985000000,1831.122000000,24.732000000,65.270000000
39.988000000,1830.866000000,24.731000000,65.265000000
39.990000000,1830.613000000,24.729000000,65.260000000
39.993000000,1830.363000000,24.728000000,65.256000000
39.996000000,1830.115000000,24.726000000,65.251000000
39.998000000,1829.869000000,24.725000000,65.247000000
40.001000000,1829.625000000,24.723000000,65.242000000
40.003000000,1829.384000000,24.722000000,65.238000000
40.006000000,1829.144000000,24.720000000,65.234000000
40.008000000,1828.905000000,24.719000000,65.230000000
40.011000000,1828.665000000,24.718000000,65.226000000
40.013000000,1828.425000000,24.716000000,65.222000000
40.016000000,1828.185000000,24.715000000,65.218000000
40.018000000,1827.946000000,24.714000000,65.214000000
40.021000000,1827.706000000,24.713000000,65.210000000
40.023000000,1827.466000000,24.712000000,65.206000000
40.026000000,1827.226000000,24.711000000,65.203000000
40.028000000,1826.986000000,24.710000000,65.199000000
40.031000000,1826.746000000,24.709000000,65.196000000
40.033000000,1826.506000000,24.708000000,65.192000000
40.036000000,1826.266000000,24.707000000,65.189000000
40.038000000,1826.026000000,24.706000000,65.186000000
40.041000000,1825.786000000,24.705000000,65.183000000
40.043000000,1825.546000000,24.704000000,65.180000000
40.046000000,1825.306000000,24.703000000,65.177000000
40.048000000,1825.066000000,24.702000000,65.174000000
40.051000000,1824.826000000,24.702000000,65.171000000
40.053000000,1824.586000000,24.701000000,65.168000000
40.056000000,1824.346000000,24.700000000,65.166000000
40.058000000,1824.106000000,24.700000000,65.163000000
40.061000000,1823.866000000,24.699000000,65.161000000
40.063000000,1823.625000000,24.699000000,65.159000000
40.066000000,1823.385000000,24.698000000,65.156000000
40.068000000,1823.145000000,24.698000000,65.154000000
40.071000000,1822.905000000,24.698000000,65.152000000
40.073000000,1822.664000000,24.697000000,65.150000000
40.076000000,1822.424000000,24.697000000,65.149000000
40.078000000,1822.184000000,24.697000000,65.147000000
40.081000000,1821.944000000,24.697000000,65.145000000
40.083000000,1821.703000000,24.697000000,65.144000000
40.086000000,1821.463000000,24.696000000,65.142000000
40.088000000,1821.222000000,24.696000000,65.141000000
40.091000000,1820.982000000,24.696000000,65.140000000
40.093000000,1820.742000000,24.697000000,65.139000000
40.096000000,1820.501000000,24.697000000,65.138000000
40.098000000,1820.261000000,24.697000000,65.137000000
40.101000000,1820.020000000,24.697000000,65.136000000
40.103000000,1819.777000000,24.697000000,65.135000000
40.106000000,1819.529000000,24.697000000,65.134000000
40.108000000,1819.276000000,24.698000000,65.134000000
40.111000000,1819.017000000,24.698000000,65.133000000
40.114000000,1818.752000000,24.699000000,65.133000000
40.117000000,1818.480000000,24.699000000,65.132000000
40.120000000,1818.200000000,24.700000000,65.132000000
40.123000000,1817.910000000,24.700000000,65.132000000
40.126000000,1817.609000000,24.701000000,65.132000000
40.129000000,1817.295000000,24.702000000,65.132000000
40.132000000,1816.967000000,24.703000000,65.132000000
40.136000000,1816.621000000,24.704000000,65.133000000
40.140000000,1816.253000000,24.705000000,65.133000000
40.144000000,1815.860000000,24.706000000,65.134000000
40.148000000,1815.433000000,24.708000000,65.135000000
40.153000000,1814.964000000,24.709000000,65.136000000
40.159000000,1814.436000000,24.711000000,65.138000000
40.165000000,1813.821000000,24.714000000,65.140000000
40.173000000,1813.062000000,24.717000000,65.143000000
40.184000000,1812.013000000,24.722000000,65.147000000
40.200000000,1810.438000000,24.730000000,65.155000000
40.223000000,1808.194000000,24.741000000,65.167000000
40.246000000,1805.950000000,24.753000000,65.179000000
40.253000000,1805.311000000,24.756000000,65.183000000
40.259000000,1804.767000000,24.759000000,65.186000000
40.264000000,1804.257000000,24.761000000,65.188000000
40.269000000,1803.772000000,24.764000000,65.191000000
40.274000000,1803.309000000,24.766000000,65.193000000
40.278000000,1802.864000000,24.768000000,65.195000000
40.283000000,1802.435000000,24.770000000,65.197000000
40.287000000,1802.018000000,24.772000000,65.199000000
40.291000000,1801.613000000,24.774000000,65.201000000
40.295000000,1801.217000000,24.776000000,65.202000000
40.299000000,1800.830000000,24.777000000,65.204000000
40.303000000,1800.450000000,24.779000000,65.205000000
40.307000000,1800.077000000,24.781000000,65.206000000
40.311000000,1799.710000000,24.782000000,65.207000000
40.314000000,1799.347000000,24.784000000,65.208000000
40.318000000,1798.990000000,24.785000000,65.209000000
40.322000000,1798.636000000,24.786000000,65.210000000
40.325000000,1798.286000000,24.788000000,65.211000000
40.329000000,1797.939000000,24.789000000,65.212000000
40.332000000,1797.595000000,24.790000000,65.212000000
40.336000000,1797.253000000,24.791000000,65.213000000
40.339000000,1796.913000000,24.793000000,65.213000000
40.343000000,1796.574000000,24.794000000,65.213000000
40.346000000,1796.236000000,24.795000000,65.214000000
40.350000000,1795.900000000,24.796000000,65.214000000
40.353000000,1795.563000000,24.797000000,65.214000000
40.357000000,1795.227000000,24.797000000,65.214000000
40.360000000,1794.891000000,24.798000000,65.213000000
40.364000000,1794.554000000,24.799000000,65.213000000
40.367000000,1794.217000000,24.800000000,65.213000000
40.371000000,1793.877000000,24.801000000,65.212000000
40.374000000,1793.534000000,24.801000000,65.212000000
40.378000000,1793.188000000,24.802000000,65.211000000
40.381000000,1792.836000000,24.803000000,65.210000000
40.385000000,1792.479000000,24.803000000,65.210000000
40.389000000,1792.115000000,24.804000000,65.209000000
40.393000000,1791.742000000,24.804000000,65.207000000
40.396000000,1791.359000000,24.805000000,65.206000000
40.401000000,1790.964000000,24.805000000,65.205000000
40.405000000,1790.555000000,24.806000000,65.203000000
40.409000000,1790.127000000,24.806000000,65.202000000
40.414000000,1789.678000000,24.807000000,65.200000000
40.419000000,1789.203000000,24.807000000,65.198000000
40.424000000,1788.695000000,24.807000000,65.195000000
40.429000000,1788.144000000,24.808000000,65.192000000
40.436000000,1787.536000000,24.808000000,65.189000000
40.443000000,1786.849000000,24.808000000,65.185000000
40.451000000,1786.042000000,24.808000000,65.181000000
40.461000000,1785.027000000,24.808000000,65.175000000
40.476000000,1783.559000000,24.808000000,65.165000000
40.499000000,1781.353000000,24.807000000,65.151000000
40.531000000,1778.238000000,24.807000000,65.131000000
40.541000000,1777.269000000,24.807000000,65.125000000
40.549000000,1776.439000000,24.807000000,65.120000000
40.557000000,1775.694000000,24.807000000,65.116000000
40.564000000,1775.009000000,24.807000000,65.112000000
40.570000000,1774.370000000,24.807000000,65.109000000
40.576000000,1773.765000000,24.807000000,65.106000000
40.582000000,1773.187000000,24.808000000,65.103000000
40.588000000,1772.631000000,24.808000000,65.101000000
40.593000000,1772.093000000,24.808000000,65.098000000
40.599000000,1771.570000000,24.809000000,65.096000000
40.604000000,1771.058000000,24.809000000,65.094000000
40.609000000,1770.558000000,24.810000000,65.093000000
40.614000000,1770.067000000,24.811000000,65.091000000
40.619000000,1769.583000000,24.811000000,65.090000000
40.624000000,1769.106000000,24.812000000,65.088000000
40.628000000,1768.633000000,24.813000000,65.087000000
40.633000000,1768.165000000,24.814000000,65.086000000
40.638000000,1767.699000000,24.814000000,65.086000000
40.643000000,1767.236000000,24.815000000,65.085000000
40.647000000,1766.773000000,24.816000000,65.084000000
40.652000000,1766.310000000,24.817000000,65.084000000
40.657000000,1765.846000000,24.819000000,65.084000000
40.661000000,1765.379000000,24.820000000,65.084000000
40.666000000,1764.906000000,24.821000000,65.084000000
40.671000000,1764.426000000,24.822000000,65.084000000
40.676000000,1763.936000000,24.824000000,65.084000000
40.681000000,1763.433000000,24.825000000,65.085000000
40.686000000,1762.914000000,24.827000000,65.085000000
40.692000000,1762.375000000,24.829000000,65.086000000
40.697000000,1761.810000000,24.831000000,65.087000000
40.703000000,1761.213000000,24.833000000,65.088000000
40.710000000,1760.575000000,24.836000000,65.090000000
40.717000000,1759.881000000,24.839000000,65.092000000
40.725000000,1759.110000000,24.842000000,65.094000000
40.734000000,1758.228000000,24.846000000,65.097000000
40.744000000,1757.163000000,24.850000000,65.101000000
40.759000000,1755.742000000,24.857000000,65.106000000
40.780000000,1753.607000000,24.867000000,65.115000000
40.812000000,1750.399000000,24.883000000,65.129000000
40.827000000,1748.935000000,24.890000000,65.135000000
40.838000000,1747.829000000,24.896000000,65.140000000
40.848000000,1746.881000000,24.900000000,65.144000000
40.856000000,1746.026000000,24.905000000,65.147000000
40.864000000,1745.240000000,24.908000000,65.151000000
40.871000000,1744.505000000,24.912000000,65.153000000
40.878000000,1743.808000000,24.915000000,65.156000000
40.885000000,1743.140000000,24.918000000,65.158000000
40.891000000,1742.494000000,24.921000000,65.160000000
40.898000000,1741.866000000,24.924000000,65.162000000
40.904000000,1741.252000000,24.927000000,65.163000000
40.910000000,1740.647000000,24.929000000,65.165000000
40.916000000,1740.049000000,24.932000000,65.166000000
40.922000000,1739.454000000,24.934000000,65.168000000
40.928000000,1738.860000000,24.937000000,65.169000000
40.934000000,1738.266000000,24.939000000,65.170000000
40.940000000,1737.670000000,24.941000000,65.171000000
40.946000000,1737.066000000,24.943000000,65.171000000
40.952000000,1736.453000000,24.946000000,65.172000000
40.958000000,1735.826000000,24.948000000,65.173000000
40.964000000,1735.180000000,24.950000000,65.173000000
40.971000000,1734.509000000,24.952000000,65.173000000
40.978000000,1733.805000000,24.954000000,65.173000000
40.986000000,1733.057000000,24.957000000,65.174000000
40.994000000,1732.249000000,24.959000000,65.173000000
41.003000000,1731.359000000,24.962000000,65.173000000
41.013000000,1730.341000000,24.965000000,65.173000000
41.025000000,1729.113000000,24.968000000,65.172000000
41.041000000,1727.453000000,24.973000000,65.171000000
41.066000000,1724.961000000,24.980000000,65.169000000
41.103000000,1721.216000000,24.990000000,65.166000000
41.118000000,1719.678000000,24.994000000,65.166000000
41.130000000,1718.477000000,24.998000000,65.165000000
41.141000000,1717.434000000,25.001000000,65.166000000
41.150000000,1716.487000000,25.004000000,65.166000000
41.159000000,1715.604000000,25.007000000,65.167000000
41.167000000,1714.753000000,25.010000000,65.167000000
41.175000000,1713.922000000,25.013000000,65.168000000
41.183000000,1713.105000000,25.016000000,65.169000000
41.191000000,1712.294000000,25.019000000,65.171000000
41.199000000,1711.485000000,25.022000000,65.172000000
41.207000000,1710.673000000,25.025000000,65.174000000
41.215000000,1709.859000000,25.028000000,65.176000000
41.223000000,1709.038000000,25.032000000,65.178000000
41.231000000,1708.204000000,25.035000000,65.181000000
41.240000000,1707.345000000,25.039000000,65.184000000
41.249000000,1706.450000000,25.043000000,65.187000000
41.258000000,1705.502000000,25.048000000,65.190000000
41.268000000,1704.492000000,25.053000000,65.194000000
41.279000000,1703.394000000,25.058000000,65.199000000
41.291000000,1702.163000000,25.064000000,65.205000000
41.305000000,1700.710000000,25.072000000,65.212000000
41.324000000,1698.790000000,25.082000000,65.221000000
41.352000000,1695.905000000,25.099000000,65.236000000
41.394000000,1691.570000000,25.123000000,65.260000000
41.411000000,1689.872000000,25.133000000,65.269000000
41.424000000,1688.529000000,25.141000000,65.276000000
41.435000000,1687.353000000,25.147000000,65.282000000
41.446000000,1686.277000000,25.153000000,65.287000000
41.456000000,1685.263000000,25.159000000,65.292000000
41.465000000,1684.288000000,25.164000000,65.296000000
41.474000000,1683.335000000,25.169000000,65.300000000
41.483000000,1682.392000000,25.174000000,65.304000000
41.493000000,1681.451000000,25.179000000,65.308000000
41.502000000,1680.503000000,25.184000000,65.312000000
41.511000000,1679.535000000,25.189000000,65.316000000
41.521000000,1678.532000000,25.194000000,65.319000000
41.531000000,1677.473000000,25.200000000,65.323000000
41.542000000,1676.331000000,25.205000000,65.327000000
41.554000000,1675.059000000,25.212000000,65.331000000
41.569000000,1673.579000000,25.219000000,65.335000000
41.587000000,1671.727000000,25.228000000,65.341000000
41.613000000,1668.945000000,25.241000000,65.349000000
41.654000000,1664.766000000,25.261000000,65.361000000
41.681000000,1661.971000000,25.274000000,65.370000000
41.697000000,1660.260000000,25.283000000,65.376000000
41.711000000,1658.822000000,25.290000000,65.382000000
41.723000000,1657.535000000,25.297000000,65.387000000
41.735000000,1656.341000000,25.303000000,65.392000000
41.745000000,1655.203000000,25.309000000,65.397000000
41.756000000,1654.100000000,25.315000000,65.403000000
41.766000000,1653.010000000,25.321000000,65.408000000
41.777000000,1651.917000000,25.327000000,65.414000000
41.788000000,1650.803000000,25.334000000,65.420000000
41.799000000,1649.647000000,25.341000000,65.427000000
41.810000000,1648.420000000,25.348000000,65.435000000
41.823000000,1647.098000000,25.357000000,65.443000000
41.837000000,1645.617000000,25.366000000,65.453000000
41.854000000,1643.855000000,25.377000000,65.465000000
41.876000000,1641.488000000,25.393000000,65.481000000
41.910000000,1637.932000000,25.418000000,65.507000000
41.960000000,1632.661000000,25.454000000,65.546000000
41.977000000,1630.880000000,25.467000000,65.559000000
41.991000000,1629.367000000,25.477000000,65.570000000
42.004000000,1627.988000000,25.487000000,65.579000000
42.017000000,1626.684000000,25.496000000,65.588000000
42.029000000,1625.409000000,25.504000000,65.597000000
42.041000000,1624.144000000,25.513000000,65.605000000
42.053000000,1622.862000000,25.522000000,65.613000000
42.065000000,1621.542000000,25.531000000,65.622000000
42.078000000,1620.163000000,25.540000000,65.630000000
42.092000000,1618.673000000,25.550000000,65.640000000
42.108000000,1616.998000000,25.561000000,65.650000000
42.127000000,1614.967000000,25.574000000,65.662000000
42.154000000,1612.096000000,25.592000000,65.679000000
42.195000000,1607.782000000,25.620000000,65.704000000
42.245000000,1602.442000000,25.655000000,65.738000000
42.263000000,1600.452000000,25.669000000,65.751000000
42.279000000,1598.772000000,25.680000000,65.763000000
42.293000000,1597.253000000,25.691000000,65.774000000
42.307000000,1595.818000000,25.701000000,65.785000000
42.320000000,1594.412000000,25.711000000,65.795000000
42.333000000,1593.000000000,25.721000000,65.807000000
42.346000000,1591.543000000,25.732000000,65.819000000
42.361000000,1589.990000000,25.744000000,65.832000000
42.377000000,1588.272000000,25.757000000,65.847000000
42.396000000,1586.245000000,25.773000000,65.865000000
42.421000000,1583.545000000,25.794000000,65.890000000
42.458000000,1579.488000000,25.828000000,65.928000000
42.508000000,1574.083000000,25.873000000,65.979000000
42.528000000,1571.987000000,25.890000000,65.999000000
42.543000000,1570.270000000,25.904000000,66.015000000
42.558000000,1568.726000000,25.917000000,66.029000000
42.571000000,1567.254000000,25.929000000,66.042000000
42.585000000,1565.801000000,25.941000000,66.055000000
42.598000000,1564.334000000,25.953000000,66.068000000
42.612000000,1562.805000000,25.966000000,66.081000000
42.627000000,1561.164000000,25.979000000,66.095000000
42.644000000,1559.318000000,25.994000000,66.111000000
42.665000000,1557.074000000,26.012000000,66.130000000
42.695000000,1553.814000000,26.038000000,66.157000000
42.740000000,1548.917000000,26.077000000,66.199000000
42.772000000,1545.428000000,26.106000000,66.230000000
42.791000000,1543.355000000,26.123000000,66.249000000
42.807000000,1541.567000000,26.137000000,66.266000000
42.822000000,1539.922000000,26.151000000,66.282000000
42.836000000,1538.353000000,26.165000000,66.297000000
42.850000000,1536.811000000,26.178000000,66.313000000
42.864000000,1535.250000000,26.192000000,66.329000000
42.880000000,1533.587000000,26.207000000,66.347000000
42.896000000,1531.734000000,26.223000000,66.367000000
42.917000000,1529.500000000,26.244000000,66.391000000
42.945000000,1526.399000000,26.273000000,66.426000000
42.987000000,1521.740000000,26.317000000,66.480000000
43.037000000,1516.212000000,26.371000000,66.544000000
43.056000000,1514.165000000,26.391000000,66.568000000
43.072000000,1512.385000000,26.408000000,66.588000000
43.087000000,1510.680000000,26.424000000,66.607000000
43.102000000,1508.992000000,26.441000000,66.626000000
43.118000000,1507.270000000,26.457000000,66.645000000
43.134000000,1505.493000000,26.474000000,66.664000000
43.151000000,1503.575000000,26.492000000,66.685000000
43.171000000,1501.370000000,26.513000000,66.709000000
43.198000000,1498.333000000,26.542000000,66.742000000
43.239000000,1493.773000000,26.585000000,66.791000000
43.289000000,1488.189000000,26.639000000,66.853000000
43.309000000,1485.925000000,26.661000000,66.879000000
43.327000000,1483.972000000,26.680000000,66.902000000
43.343000000,1482.143000000,26.698000000,66.924000000
43.359000000,1480.350000000,26.716000000,66.946000000
43.375000000,1478.510000000,26.735000000,66.969000000
43.393000000,1476.509000000,26.755000000,66.994000000
43.414000000,1474.176000000,26.780000000,67.025000000
43.440000000,1471.218000000,26.811000000,67.063000000
43.480000000,1466.774000000,26.859000000,67.123000000
43.530000000,1461.137000000,26.920000000,67.199000000
43.557000000,1458.018000000,26.955000000,67.242000000
43.578000000,1455.670000000,26.981000000,67.273000000
43.597000000,1453.599000000,27.003000000,67.301000000
43.614000000,1451.639000000,27.025000000,67.327000000
43.631000000,1449.660000000,27.047000000,67.353000000
43.650000000,1447.548000000,27.070000000,67.381000000
43.671000000,1445.144000000,27.096000000,67.412000000
43.699000000,1441.999000000,27.130000000,67.453000000
43.740000000,1437.276000000,27.182000000,67.515000000
43.790000000,1431.584000000,27.244000000,67.590000000
43.819000000,1428.329000000,27.281000000,67.635000000
43.841000000,1425.789000000,27.309000000,67.670000000
43.862000000,1423.446000000,27.336000000,67.703000000
43.882000000,1421.152000000,27.362000000,67.736000000
43.902000000,1418.815000000,27.389000000,67.770000000
43.925000000,1416.219000000,27.419000000,67.809000000
43.955000000,1412.787000000,27.460000000,67.860000000
44.000000000,1407.632000000,27.522000000,67.939000000
44.050000000,1401.886000000,27.592000000,68.027000000
44.080000000,1398.361000000,27.636000000,68.082000000
44.104000000,1395.632000000,27.669000000,68.123000000
44.126000000,1393.089000000,27.701000000,68.162000000
44.148000000,1390.540000000,27.732000000,68.201000000
44.172000000,1387.754000000,27.766000000,68.243000000
44.204000000,1384.076000000,27.812000000,68.298000000
44.252000000,1378.553000000,27.880000000,68.382000000
44.302000000,1372.756000000,27.951000000,68.471000000
44.333000000,1369.178000000,27.996000000,68.527000000
44.357000000,1366.400000000,28.031000000,68.572000000
44.379000000,1363.761000000,28.064000000,68.614000000
44.404000000,1360.954000000,28.101000000,68.661000000
44.432000000,1357.615000000,28.144000000,68.716000000
44.474000000,1352.745000000,28.208000000,68.799000000
44.524000000,1346.905000000,28.286000000,68.899000000
44.566000000,1342.000000000,28.352000000,68.982000000
44.592000000,1338.901000000,28.394000000,69.035000000
44.617000000,1335.994000000,28.433000000,69.085000000
44.643000000,1332.956000000,28.475000000,69.136000000
44.674000000,1329.315000000,28.524000000,69.198000000
44.719000000,1324.072000000,28.595000000,69.286000000
44.769000000,1318.185000000,28.675000000,69.387000000
44.819000000,1312.290000000,28.755000000,69.489000000
44.848000000,1308.808000000,28.803000000,69.550000000
44.875000000,1305.613000000,28.848000000,69.608000000
44.902000000,1302.475000000,28.892000000,69.665000000
44.931000000,1298.983000000,28.941000000,69.729000000
44.975000000,1293.740000000,29.017000000,69.826000000
45.025000000,1287.806000000,29.103000000,69.938000000
45.065000000,1283.056000000,29.173000000,70.027000000
45.093000000,1279.791000000,29.221000000,70.088000000
45.118000000,1276.748000000,29.266000000,70.144000000
45.146000000,1273.519000000,29.313000000,70.204000000
45.179000000,1269.487000000,29.373000000,70.279000000
45.229000000,1263.516000000,29.460000000,70.390000000
45.279000000,1257.537000000,29.549000000,70.503000000
45.311000000,1253.731000000,29.606000000,70.576000000
45.338000000,1250.496000000,29.654000000,70.639000000
45.366000000,1247.105000000,29.706000000,70.705000000
45.402000000,1242.801000000,29.771000000,70.791000000
45.452000000,1236.791000000,29.864000000,70.912000000
45.502000000,1230.772000000,29.958000000,71.033000000
45.543000000,1225.861000000,30.035000000,71.132000000
45.572000000,1222.331000000,30.091000000,71.203000000
45.602000000,1218.720000000,30.148000000,71.276000000
45.640000000,1214.185000000,30.219000000,71.366000000
45.690000000,1208.136000000,30.315000000,71.488000000
45.740000000,1202.077000000,30.411000000,71.611000000
45.782000000,1196.963000000,30.493000000,71.717000000
45.816000000,1192.852000000,30.559000000,71.802000000
45.850000000,1188.678000000,30.627000000,71.890000000
45.893000000,1183.496000000,30.712000000,72.001000000
45.943000000,1177.404000000,30.812000000,72.132000000
45.993000000,1171.304000000,30.914000000,72.264000000
46.040000000,1165.521000000,31.011000000,72.389000000
46.075000000,1161.284000000,31.083000000,72.480000000
46.111000000,1156.790000000,31.159000000,72.577000000
46.161000000,1150.663000000,31.262000000,72.709000000
46.211000000,1144.529000000,31.366000000,72.842000000
46.261000000,1138.386000000,31.470000000,72.977000000
46.297000000,1133.953000000,31.546000000,73.076000000
46.332000000,1129.702000000,31.619000000,73.172000000
46.382000000,1123.541000000,31.726000000,73.312000000
46.432000000,1117.372000000,31.835000000,73.452000000
46.482000000,1111.196000000,31.944000000,73.593000000
46.532000000,1105.012000000,32.053000000,73.735000000
46.582000000,1098.821000000,32.164000000,73.877000000
46.632000000,1092.623000000,32.275000000,74.020000000
46.682000000,1086.417000000,32.386000000,74.164000000
46.732000000,1080.203000000,32.498000000,74.310000000
46.782000000,1073.983000000,32.611000000,74.457000000
46.832000000,1067.755000000,32.725000000,74.605000000
46.882000000,1061.520000000,32.839000000,74.755000000
46.932000000,1055.278000000,32.955000000,74.906000000
46.982000000,1049.028000000,33.072000000,75.057000000
47.032000000,1042.772000000,33.189000000,75.208000000
47.082000000,1036.509000000,33.307000000,75.361000000
47.132000000,1030.239000000,33.425000000,75.514000000
47.182000000,1023.962000000,33.544000000,75.668000000
47.232000000,1017.679000000,33.663000000,75.824000000
47.282000000,1011.388000000,33.782000000,75.981000000
47.332000000,1005.091000000,33.903000000,76.139000000
47.382000000,998.787000000,34.025000000,76.298000000
47.432000000,992.476000000,34.148000000,76.458000000
47.482000000,986.159000000,34.271000000,76.618000000
47.532000000,979.835000000,34.395000000,76.779000000
47.582000000,973.505000000,34.520000000,76.941000000
47.632000000,967.168000000,34.645000000,77.105000000
47.682000000,960.825000000,34.771000000,77.270000000
47.732000000,954.476000000,34.897000000,77.437000000
47.782000000,948.120000000,35.024000000,77.603000000
47.832000000,941.758000000,35.152000000,77.771000000
47.882000000,935.390000000,35.280000000,77.939000000
47.932000000,929.016000000,35.410000000,78.107000000
47.982000000,922.636000000,35.540000000,78.277000000
48.032000000,916.250000000,35.670000000,78.447000000
48.082000000,909.857000000,35.801000000,78.620000000
48.132000000,903.459000000,35.933000000,78.793000000
48.182000000,897.055000000,36.065000000,78.968000000
48.232000000,890.645000000,36.199000000,79.144000000
48.282000000,884.229000000,36.333000000,79.321000000
48.332000000,877.807000000,36.468000000,79.498000000
48.382000000,871.380000000,36.604000000,79.676000000
48.432000000,864.984000000,36.739000000,79.853000000
48.482000000,858.545000000,36.875000000,80.031000000
48.532000000,852.101000000,37.011000000,80.211000000
48.571000000,847.059000000,37.119000000,80.353000000
48.619000000,840.783000000,37.253000000,80.531000000
48.669000000,834.324000000,37.393000000,80.716000000
48.719000000,827.859000000,37.533000000,80.901000000
48.769000000,821.389000000,37.674000000,81.087000000
48.805000000,816.787000000,37.774000000,81.219000000
48.839000000,812.356000000,37.871000000,81.346000000
48.884000000,806.561000000,37.997000000,81.512000000
48.934000000,800.074000000,38.137000000,81.698000000
48.984000000,793.581000000,38.278000000,81.884000000
49.018000000,789.089000000,38.376000000,82.015000000
49.047000000,785.419000000,38.457000000,82.122000000
49.075000000,781.691000000,38.539000000,82.231000000
49.106000000,777.676000000,38.629000000,82.350000000
49.150000000,771.924000000,38.758000000,82.521000000
49.200000000,765.409000000,38.904000000,82.714000000
49.222000000,762.554000000,38.968000000,82.799000000
49.243000000,759.849000000,39.028000000,82.879000000
49.265000000,757.026000000,39.091000000,82.961000000
49.293000000,753.366000000,39.172000000,83.069000000
49.335000000,747.874000000,39.294000000,83.230000000
49.385000000,741.341000000,39.438000000,83.422000000
49.416000000,737.203000000,39.530000000,83.544000000
49.441000000,733.991000000,39.602000000,83.640000000
49.467000000,730.615000000,39.678000000,83.741000000
49.498000000,726.530000000,39.770000000,83.864000000
49.545000000,720.399000000,39.910000000,84.050000000
49.595000000,713.846000000,40.059000000,84.249000000
49.631000000,709.029000000,40.169000000,84.395000000
49.657000000,705.743000000,40.244000000,84.494000000
49.681000000,702.556000000,40.316000000,84.590000000
49.710000000,698.767000000,40.402000000,84.704000000
49.753000000,693.080000000,40.531000000,84.874000000
49.803000000,686.509000000,40.679000000,85.072000000
49.838000000,681.899000000,40.784000000,85.212000000
49.866000000,678.265000000,40.867000000,85.323000000
49.896000000,674.283000000,40.958000000,85.445000000
49.941000000,668.307000000,41.096000000,85.629000000
49.991000000,661.719000000,41.248000000,85.834000000
50.041000000,655.127000000,41.401000000,86.038000000
50.070000000,651.316000000,41.489000000,86.155000000
50.100000000,647.376000000,41.581000000,86.277000000
50.140000000,642.132000000,41.701000000,86.438000000
50.190000000,635.527000000,41.853000000,86.641000000
50.240000000,628.918000000,42.006000000,86.845000000
50.273000000,624.499000000,42.108000000,86.982000000
50.306000000,620.214000000,42.208000000,87.116000000
50.350000000,614.321000000,42.345000000,87.301000000
50.400000000,607.699000000,42.500000000,87.510000000
50.450000000,601.073000000,42.656000000,87.719000000
50.488000000,596.068000000,42.773000000,87.876000000
50.526000000,591.017000000,42.892000000,88.035000000
50.576000000,584.381000000,43.047000000,88.243000000
50.626000000,577.741000000,43.202000000,88.451000000
50.676000000,571.097000000,43.357000000,88.661000000
50.712000000,566.294000000,43.470000000,88.813000000
50.756000000,560.490000000,43.607000000,88.998000000
50.806000000,553.836000000,43.764000000,89.211000000
50.856000000,547.178000000,43.922000000,89.424000000
50.892000000,542.307000000,44.037000000,89.579000000
50.932000000,537.059000000,44.161000000,89.746000000
50.982000000,530.393000000,44.318000000,89.958000000
51.032000000,523.722000000,44.475000000,90.170000000
51.082000000,517.049000000,44.632000000,90.383000000
51.123000000,511.532000000,44.762000000,90.560000000
51.164000000,506.094000000,44.891000000,90.735000000
51.214000000,499.411000000,45.050000000,90.951000000
51.264000000,492.725000000,45.209000000,91.167000000
51.314000000,486.035000000,45.368000000,91.383000000
51.355000000,480.542000000,45.499000000,91.560000000
51.405000000,473.846000000,45.657000000,91.775000000
51.455000000,467.147000000,45.816000000,91.990000000
51.505000000,460.444000000,45.974000000,92.206000000
51.539000000,455.881000000,46.083000000,92.354000000
51.582000000,450.134000000,46.219000000,92.542000000
51.632000000,443.423000000,46.380000000,92.761000000
51.682000000,436.709000000,46.540000000,92.981000000
51.727000000,430.574000000,46.687000000,93.181000000
51.759000000,426.262000000,46.790000000,93.321000000
51.792000000,421.831000000,46.895000000,93.465000000
51.834000000,416.209000000,47.028000000,93.647000000
51.884000000,409.483000000,47.188000000,93.865000000
51.923000000,404.246000000,47.312000000,94.036000000
51.949000000,400.770000000,47.395000000,94.150000000
51.973000000,397.555000000,47.472000000,94.256000000
52.000000000,393.846000000,47.561000000,94.379000000
52.042000000,388.280000000,47.694000000,94.563000000
52.092000000,381.542000000,47.857000000,94.787000000
52.120000000,377.637000000,47.951000000,94.917000000
52.145000000,374.343000000,48.030000000,95.026000000
52.171000000,370.797000000,48.115000000,95.142000000
52.205000000,366.275000000,48.223000000,95.291000000
52.255000000,359.528000000,48.383000000,95.512000000
52.305000000,352.778000000,48.545000000,95.735000000
52.345000000,347.307000000,48.675000000,95.917000000
52.387000000,341.605000000,48.812000000,96.107000000
52.437000000,334.848000000,48.975000000,96.333000000
52.487000000,328.088000000,49.138000000,96.560000000
52.537000000,321.326000000,49.301000000,96.786000000
52.574000000,316.393000000,49.420000000,96.951000000
52.608000000,311.773000000,49.531000000,97.104000000
52.654000000,305.599000000,49.678000000,97.309000000
52.704000000,298.829000000,49.840000000,97.535000000
52.737000000,294.268000000,49.949000000,97.687000000
52.767000000,290.225000000,50.046000000,97.823000000
52.805000000,285.094000000,50.170000000,97.996000000
52.855000000,278.316000000,50.333000000,98.225000000
52.905000000,271.536000000,50.497000000,98.454000000
52.955000000,264.753000000,50.661000000,98.682000000
53.005000000,257.967000000,50.824000000,98.911000000
53.055000000,251.180000000,50.987000000,99.139000000
53.105000000,244.390000000,51.149000000,99.367000000
53.155000000,237.598000000,51.312000000,99.595000000
53.204000000,230.962000000,51.471000000,99.819000000
53.254000000,224.166000000,51.634000000,100.049000000
53.304000000,217.367000000,51.798000000,100.280000000
53.354000000,210.567000000,51.962000000,100.511000000
53.404000000,203.764000000,52.125000000,100.741000000
53.454000000,196.959000000,52.288000000,100.971000000
53.504000000,190.152000000,52.451000000,101.201000000
53.554000000,183.343000000,52.613000000,101.431000000
53.604000000,176.532000000,52.776000000,101.662000000
53.654000000,169.719000000,52.940000000,101.893000000
53.704000000,162.904000000,53.103000000,102.126000000
53.754000000,156.088000000,53.267000000,102.358000000
53.804000000,149.269000000,53.430000000,102.589000000
53.854000000,142.448000000,53.593000000,102.821000000
53.904000000,135.626000000,53.756000000,103.053000000
53.954000000,128.802000000,53.919000000,103.285000000
54.004000000,121.976000000,54.082000000,103.517000000
54.054000000,115.148000000,54.246000000,103.751000000
54.104000000,108.319000000,54.409000000,103.984000000
54.154000000,101.487000000,54.573000000,104.218000000
54.182000000,97.573000000,54.667000000,104.351000000
54.225000000,91.699000000,54.808000000,104.551000000
54.275000000,84.864000000,54.972000000,104.784000000
54.310000000,80.185000000,55.084000000,104.943000000
54.360000000,73.382000000,55.248000000,105.177000000
54.410000000,66.772000000,55.412000000,105.411000000
54.460000000,60.435000000,55.577000000,105.646000000
54.510000000,54.377000000,55.742000000,105.881000000
54.553000000,49.332000000,55.885000000,106.087000000
54.591000000,45.185000000,56.006000000,106.263000000
54.641000000,39.886000000,56.168000000,106.500000000
54.691000000,34.888000000,56.329000000,106.738000000
54.741000000,30.201000000,56.491000000,106.974000000
54.791000000,25.832000000,56.654000000,107.209000000
54.841000000,21.789000000,56.817000000,107.440000000
54.891000000,18.076000000,56.981000000,107.667000000
54.941000000,14.697000000,57.143000000,107.888000000
54.991000000,11.657000000,57.302000000,108.100000000
55.041000000,8.961000000,57.454000000,108.304000000
55.091000000,6.611000000,57.598000000,108.498000000
55.141000000,4.613000000,57.731000000,108.682000000
55.191000000,2.968000000,57.850000000,108.855000000
55.241000000,1.681000000,57.955000000,109.018000000
55.291000000,0.751000000,58.043000000,109.170000000
55.341000000,0.182000000,58.113000000,109.311000000
55.391000000,-0.026000000,58.164000000,109.440000000
